id,created_at,updated_at,deleted_at,ig_image_url,yt_image_url,user_id,vacancy_id,job,reason,age
1,2024-06-07 13:08:19.244,2024-06-07 13:08:19.244,,https://res.cloudinary.com/dvrhf8d9t/image/upload/v1717765697/oyyuy09gwpujruub1rnr.jpg,https://res.cloudinary.com/dvrhf8d9t/image/upload/v1717765698/ypikmedzqlogjhl0io8a.jpg,54,3,Mahasiswa,Ingin menambah produktivitas,23.0
4,2024-06-08 13:08:19.244,,,https://res.cloudinary.com/dvrhf8d9t/image/upload/v1717765697/oyyuy09gwpujruub1rnr.jpg,https://res.cloudinary.com/dvrhf8d9t/image/upload/v1717765698/ypikmedzqlogjhl0io8a.jpg,54,1,Mahasiswa,Ingin menambah produktivitas,21.0
5,,,,https://res.cloudinary.com/dvrhf8d9t/image/upload/v1717765697/oyyuy09gwpujruub1rnr.jpg,https://res.cloudinary.com/dvrhf8d9t/image/upload/v1717765698/ypikmedzqlogjhl0io8a.jpg,55,1,Mahasiswa,Ingin menambah relasi ,
6,,,,https://res.cloudinary.com/dvrhf8d9t/image/upload/v1717765697/oyyuy09gwpujruub1rnr.jpg,https://res.cloudinary.com/dvrhf8d9t/image/upload/v1717765698/ypikmedzqlogjhl0io8a.jpg,56,1,Maahsiswa,Ingin mengisi waktu,
7,,,,https://res.cloudinary.com/dvrhf8d9t/image/upload/v1717765697/oyyuy09gwpujruub1rnr.jpg,https://res.cloudinary.com/dvrhf8d9t/image/upload/v1717765698/ypikmedzqlogjhl0io8a.jpg,58,1,Maahsiswa,Ingin menambah pengalaman,
8,,,,https://res.cloudinary.com/dvrhf8d9t/image/upload/v1717765697/oyyuy09gwpujruub1rnr.jpg,https://res.cloudinary.com/dvrhf8d9t/image/upload/v1717765698/ypikmedzqlogjhl0io8a.jpg,59,1,Maahsiswa,Menambah pengalaman baru,
20,,,,https://res.cloudinary.com/dvrhf8d9t/image/upload/v1717765697/oyyuy09gwpujruub1rnr.jpg,https://res.cloudinary.com/dvrhf8d9t/image/upload/v1717765698/ypikmedzqlogjhl0io8a.jpg,54,2,Mahasiswa,Ingin menambah produktivitas,
21,,,,https://res.cloudinary.com/dvrhf8d9t/image/upload/v1717765697/oyyuy09gwpujruub1rnr.jpg,https://res.cloudinary.com/dvrhf8d9t/image/upload/v1717765698/ypikmedzqlogjhl0io8a.jpg,55,2,Mahasiswa,Ingin menambah relasi ,
22,,,,https://res.cloudinary.com/dvrhf8d9t/image/upload/v1717765697/oyyuy09gwpujruub1rnr.jpg,https://res.cloudinary.com/dvrhf8d9t/image/upload/v1717765698/ypikmedzqlogjhl0io8a.jpg,56,2,Mahasiswa,Ingin mengisi waktu,
23,,,,https://res.cloudinary.com/dvrhf8d9t/image/upload/v1717765697/oyyuy09gwpujruub1rnr.jpg,https://res.cloudinary.com/dvrhf8d9t/image/upload/v1717765698/ypikmedzqlogjhl0io8a.jpg,58,2,Maahsiswa,Ingin menambah pengalaman,
24,,,,https://res.cloudinary.com/dvrhf8d9t/image/upload/v1717765697/oyyuy09gwpujruub1rnr.jpg,https://res.cloudinary.com/dvrhf8d9t/image/upload/v1717765698/ypikmedzqlogjhl0io8a.jpg,59,2,Maahsiswa,Menambah pengalaman baru,
25,,,,https://res.cloudinary.com/dvrhf8d9t/image/upload/v1717765697/oyyuy09gwpujruub1rnr.jpg,https://res.cloudinary.com/dvrhf8d9t/image/upload/v1717765698/ypikmedzqlogjhl0io8a.jpg,60,2,Karyawan Swasta,Ingin menambah produktivitas,
26,,,,https://res.cloudinary.com/dvrhf8d9t/image/upload/v1717765697/oyyuy09gwpujruub1rnr.jpg,https://res.cloudinary.com/dvrhf8d9t/image/upload/v1717765698/ypikmedzqlogjhl0io8a.jpg,61,2,Karyawan Swasta,Ingin menambah produktivitas,
27,,,,https://res.cloudinary.com/dvrhf8d9t/image/upload/v1717765697/oyyuy09gwpujruub1rnr.jpg,https://res.cloudinary.com/dvrhf8d9t/image/upload/v1717765698/ypikmedzqlogjhl0io8a.jpg,62,2,Karyawan Swasta,Ingin menambah produktivitas,
28,,,,https://res.cloudinary.com/dvrhf8d9t/image/upload/v1717765697/oyyuy09gwpujruub1rnr.jpg,https://res.cloudinary.com/dvrhf8d9t/image/upload/v1717765698/ypikmedzqlogjhl0io8a.jpg,63,2,Karyawan Swasta,Ingin menambah produktivitas,
29,,,,https://res.cloudinary.com/dvrhf8d9t/image/upload/v1717765697/oyyuy09gwpujruub1rnr.jpg,https://res.cloudinary.com/dvrhf8d9t/image/upload/v1717765698/ypikmedzqlogjhl0io8a.jpg,64,2,Karyawan Swasta,Ingin menambah produktivitas,
30,,,,https://res.cloudinary.com/dvrhf8d9t/image/upload/v1717765697/oyyuy09gwpujruub1rnr.jpg,https://res.cloudinary.com/dvrhf8d9t/image/upload/v1717765698/ypikmedzqlogjhl0io8a.jpg,55,3,Maahsiswa,Ingin menambah produktivitas,
33,,,,https://res.cloudinary.com/dvrhf8d9t/image/upload/v1717765697/oyyuy09gwpujruub1rnr.jpg,https://res.cloudinary.com/dvrhf8d9t/image/upload/v1717765698/ypikmedzqlogjhl0io8a.jpg,56,3,Maahsiswa,Ingin menambah produktivitas,
34,,,,https://res.cloudinary.com/dvrhf8d9t/image/upload/v1717765697/oyyuy09gwpujruub1rnr.jpg,https://res.cloudinary.com/dvrhf8d9t/image/upload/v1717765698/ypikmedzqlogjhl0io8a.jpg,58,3,Maahsiswa,Ingin menambah produktivitas,
47,,,,https://res.cloudinary.com/dvrhf8d9t/image/upload/v1717765697/oyyuy09gwpujruub1rnr.jpg,https://res.cloudinary.com/dvrhf8d9t/image/upload/v1717765698/ypikmedzqlogjhl0io8a.jpg,54,4,Maahsiswa,Ingin menambah produktivitas,
48,,,,https://res.cloudinary.com/dvrhf8d9t/image/upload/v1717765697/oyyuy09gwpujruub1rnr.jpg,https://res.cloudinary.com/dvrhf8d9t/image/upload/v1717765698/ypikmedzqlogjhl0io8a.jpg,55,4,Maahsiswa,Ingin menambah produktivitas,
49,,,,https://res.cloudinary.com/dvrhf8d9t/image/upload/v1717765697/oyyuy09gwpujruub1rnr.jpg,https://res.cloudinary.com/dvrhf8d9t/image/upload/v1717765698/ypikmedzqlogjhl0io8a.jpg,56,4,Maahsiswa,Ingin menambah produktivitas,
50,,,,https://res.cloudinary.com/dvrhf8d9t/image/upload/v1717765697/oyyuy09gwpujruub1rnr.jpg,https://res.cloudinary.com/dvrhf8d9t/image/upload/v1717765698/ypikmedzqlogjhl0io8a.jpg,58,4,Maahsiswa,Ingin menambah produktivitas,
51,,,,https://res.cloudinary.com/dvrhf8d9t/image/upload/v1717765697/oyyuy09gwpujruub1rnr.jpg,https://res.cloudinary.com/dvrhf8d9t/image/upload/v1717765698/ypikmedzqlogjhl0io8a.jpg,59,4,Maahsiswa,Ingin menambah produktivitas,
52,,,,https://res.cloudinary.com/dvrhf8d9t/image/upload/v1717765697/oyyuy09gwpujruub1rnr.jpg,https://res.cloudinary.com/dvrhf8d9t/image/upload/v1717765698/ypikmedzqlogjhl0io8a.jpg,60,4,Karyawan Swasta,Ingin menambah produktivitas,
53,,,,https://res.cloudinary.com/dvrhf8d9t/image/upload/v1717765697/oyyuy09gwpujruub1rnr.jpg,https://res.cloudinary.com/dvrhf8d9t/image/upload/v1717765698/ypikmedzqlogjhl0io8a.jpg,61,4,Karyawan Swasta,Ingin menambah produktivitas,
54,,,,https://res.cloudinary.com/dvrhf8d9t/image/upload/v1717765697/oyyuy09gwpujruub1rnr.jpg,https://res.cloudinary.com/dvrhf8d9t/image/upload/v1717765698/ypikmedzqlogjhl0io8a.jpg,62,4,Karyawan Swasta,Ingin menambah produktivitas,
55,,,,https://res.cloudinary.com/dvrhf8d9t/image/upload/v1717765697/oyyuy09gwpujruub1rnr.jpg,https://res.cloudinary.com/dvrhf8d9t/image/upload/v1717765698/ypikmedzqlogjhl0io8a.jpg,63,4,Karyawan Swasta,Ingin menambah produktivitas,
56,,,,https://res.cloudinary.com/dvrhf8d9t/image/upload/v1717765697/oyyuy09gwpujruub1rnr.jpg,https://res.cloudinary.com/dvrhf8d9t/image/upload/v1717765698/ypikmedzqlogjhl0io8a.jpg,64,4,Karyawan Swasta,Ingin menambah produktivitas,
57,,,,https://res.cloudinary.com/dvrhf8d9t/image/upload/v1717765697/oyyuy09gwpujruub1rnr.jpg,https://res.cloudinary.com/dvrhf8d9t/image/upload/v1717765698/ypikmedzqlogjhl0io8a.jpg,65,4,Karyawan Swasta,Ingin menambah produktivitas,
58,,,,https://res.cloudinary.com/dvrhf8d9t/image/upload/v1717765697/oyyuy09gwpujruub1rnr.jpg,https://res.cloudinary.com/dvrhf8d9t/image/upload/v1717765698/ypikmedzqlogjhl0io8a.jpg,66,4,Karyawan Swasta,Ingin menambah produktivitas,
59,,,,https://res.cloudinary.com/dvrhf8d9t/image/upload/v1717765697/oyyuy09gwpujruub1rnr.jpg,https://res.cloudinary.com/dvrhf8d9t/image/upload/v1717765698/ypikmedzqlogjhl0io8a.jpg,67,5,PNS,Ingin menambah produktivitas,
60,,,,https://res.cloudinary.com/dvrhf8d9t/image/upload/v1717765697/oyyuy09gwpujruub1rnr.jpg,https://res.cloudinary.com/dvrhf8d9t/image/upload/v1717765698/ypikmedzqlogjhl0io8a.jpg,68,5,PNS,Ingin menambah produktivitas,
61,,,,https://res.cloudinary.com/dvrhf8d9t/image/upload/v1717765697/oyyuy09gwpujruub1rnr.jpg,https://res.cloudinary.com/dvrhf8d9t/image/upload/v1717765698/ypikmedzqlogjhl0io8a.jpg,69,5,PNS,Ingin menambah produktivitas,
62,,,,https://res.cloudinary.com/dvrhf8d9t/image/upload/v1717765697/oyyuy09gwpujruub1rnr.jpg,https://res.cloudinary.com/dvrhf8d9t/image/upload/v1717765698/ypikmedzqlogjhl0io8a.jpg,70,5,PNS,Ingin menambah produktivitas,
63,,,,https://res.cloudinary.com/dvrhf8d9t/image/upload/v1717765697/oyyuy09gwpujruub1rnr.jpg,https://res.cloudinary.com/dvrhf8d9t/image/upload/v1717765698/ypikmedzqlogjhl0io8a.jpg,71,5,PNS,Ingin menambah produktivitas,
64,,,,https://res.cloudinary.com/dvrhf8d9t/image/upload/v1717765697/oyyuy09gwpujruub1rnr.jpg,https://res.cloudinary.com/dvrhf8d9t/image/upload/v1717765698/ypikmedzqlogjhl0io8a.jpg,72,5,Guru,Ingin menambah produktivitas,
65,,,,https://res.cloudinary.com/dvrhf8d9t/image/upload/v1717765697/oyyuy09gwpujruub1rnr.jpg,https://res.cloudinary.com/dvrhf8d9t/image/upload/v1717765698/ypikmedzqlogjhl0io8a.jpg,73,5,Guru,Ingin menambah produktivitas,
66,,,,https://res.cloudinary.com/dvrhf8d9t/image/upload/v1717765697/oyyuy09gwpujruub1rnr.jpg,https://res.cloudinary.com/dvrhf8d9t/image/upload/v1717765698/ypikmedzqlogjhl0io8a.jpg,74,5,Guru,Ingin menambah produktivitas,
67,,,,https://res.cloudinary.com/dvrhf8d9t/image/upload/v1717765697/oyyuy09gwpujruub1rnr.jpg,https://res.cloudinary.com/dvrhf8d9t/image/upload/v1717765698/ypikmedzqlogjhl0io8a.jpg,75,5,Guru,Ingin menambah produktivitas,
68,,,,https://res.cloudinary.com/dvrhf8d9t/image/upload/v1717765697/oyyuy09gwpujruub1rnr.jpg,https://res.cloudinary.com/dvrhf8d9t/image/upload/v1717765698/ypikmedzqlogjhl0io8a.jpg,76,5,Lainnya,Ingin menambah produktivitas,
69,,,,https://res.cloudinary.com/dvrhf8d9t/image/upload/v1717765697/oyyuy09gwpujruub1rnr.jpg,https://res.cloudinary.com/dvrhf8d9t/image/upload/v1717765698/ypikmedzqlogjhl0io8a.jpg,67,6,PNS,Ingin menambah produktivitas,
70,,,,https://res.cloudinary.com/dvrhf8d9t/image/upload/v1717765697/oyyuy09gwpujruub1rnr.jpg,https://res.cloudinary.com/dvrhf8d9t/image/upload/v1717765698/ypikmedzqlogjhl0io8a.jpg,68,6,PNS,Ingin menambah produktivitas,
71,,,,https://res.cloudinary.com/dvrhf8d9t/image/upload/v1717765697/oyyuy09gwpujruub1rnr.jpg,https://res.cloudinary.com/dvrhf8d9t/image/upload/v1717765698/ypikmedzqlogjhl0io8a.jpg,69,6,PNS,Ingin menambah produktivitas,
72,,,,https://res.cloudinary.com/dvrhf8d9t/image/upload/v1717765697/oyyuy09gwpujruub1rnr.jpg,https://res.cloudinary.com/dvrhf8d9t/image/upload/v1717765698/ypikmedzqlogjhl0io8a.jpg,54,6,Mahasiswa,Ingin menambah produktivitas,
73,,,,https://res.cloudinary.com/dvrhf8d9t/image/upload/v1717765697/oyyuy09gwpujruub1rnr.jpg,https://res.cloudinary.com/dvrhf8d9t/image/upload/v1717765698/ypikmedzqlogjhl0io8a.jpg,55,6,Mahasiswa,Ingin menambah produktivitas,
74,,,,https://res.cloudinary.com/dvrhf8d9t/image/upload/v1717765697/oyyuy09gwpujruub1rnr.jpg,https://res.cloudinary.com/dvrhf8d9t/image/upload/v1717765698/ypikmedzqlogjhl0io8a.jpg,54,7,Mahasiswa,Ingin menambah produktivitas,
75,,,,https://res.cloudinary.com/dvrhf8d9t/image/upload/v1717765697/oyyuy09gwpujruub1rnr.jpg,https://res.cloudinary.com/dvrhf8d9t/image/upload/v1717765698/ypikmedzqlogjhl0io8a.jpg,55,7,Mahasiswa,Ingin menambah produktivitas,
76,,,,https://res.cloudinary.com/dvrhf8d9t/image/upload/v1717765697/oyyuy09gwpujruub1rnr.jpg,https://res.cloudinary.com/dvrhf8d9t/image/upload/v1717765698/ypikmedzqlogjhl0io8a.jpg,56,7,Mahasiswa,Ingin menambah produktivitas,
77,,,,https://res.cloudinary.com/dvrhf8d9t/image/upload/v1717765697/oyyuy09gwpujruub1rnr.jpg,https://res.cloudinary.com/dvrhf8d9t/image/upload/v1717765698/ypikmedzqlogjhl0io8a.jpg,58,7,Mahasiswa,Ingin menambah produktivitas,
78,,,,https://res.cloudinary.com/dvrhf8d9t/image/upload/v1717765697/oyyuy09gwpujruub1rnr.jpg,https://res.cloudinary.com/dvrhf8d9t/image/upload/v1717765698/ypikmedzqlogjhl0io8a.jpg,72,7,Guru,Ingin menambah produktivitas,
79,,,,https://res.cloudinary.com/dvrhf8d9t/image/upload/v1717765697/oyyuy09gwpujruub1rnr.jpg,https://res.cloudinary.com/dvrhf8d9t/image/upload/v1717765698/ypikmedzqlogjhl0io8a.jpg,73,7,Guru,Ingin menambah produktivitas,
80,,,,https://res.cloudinary.com/dvrhf8d9t/image/upload/v1717765697/oyyuy09gwpujruub1rnr.jpg,https://res.cloudinary.com/dvrhf8d9t/image/upload/v1717765698/ypikmedzqlogjhl0io8a.jpg,74,7,Guru,Ingin menambah produktivitas,
81,,,,https://res.cloudinary.com/dvrhf8d9t/image/upload/v1717765697/oyyuy09gwpujruub1rnr.jpg,https://res.cloudinary.com/dvrhf8d9t/image/upload/v1717765698/ypikmedzqlogjhl0io8a.jpg,75,7,Guru,Ingin menambah produktivitas,
82,,,,https://res.cloudinary.com/dvrhf8d9t/image/upload/v1717765697/oyyuy09gwpujruub1rnr.jpg,https://res.cloudinary.com/dvrhf8d9t/image/upload/v1717765698/ypikmedzqlogjhl0io8a.jpg,76,7,Lainnya,Ingin menambah produktivitas,
83,,,,https://res.cloudinary.com/dvrhf8d9t/image/upload/v1717765697/oyyuy09gwpujruub1rnr.jpg,https://res.cloudinary.com/dvrhf8d9t/image/upload/v1717765698/ypikmedzqlogjhl0io8a.jpg,77,7,Lainnya,Ingin menambah produktivitas,
94,,,,https://res.cloudinary.com/dvrhf8d9t/image/upload/v1717765697/oyyuy09gwpujruub1rnr.jpg,https://res.cloudinary.com/dvrhf8d9t/image/upload/v1717765698/ypikmedzqlogjhl0io8a.jpg,54,8,Mahasiswa,Ingin menambah produktivitas,
95,,,,https://res.cloudinary.com/dvrhf8d9t/image/upload/v1717765697/oyyuy09gwpujruub1rnr.jpg,https://res.cloudinary.com/dvrhf8d9t/image/upload/v1717765698/ypikmedzqlogjhl0io8a.jpg,55,8,Mahasiswa,Ingin menambah produktivitas,
96,,,,https://res.cloudinary.com/dvrhf8d9t/image/upload/v1717765697/oyyuy09gwpujruub1rnr.jpg,https://res.cloudinary.com/dvrhf8d9t/image/upload/v1717765698/ypikmedzqlogjhl0io8a.jpg,56,8,Mahasiswa,Ingin menambah produktivitas,
97,,,,https://res.cloudinary.com/dvrhf8d9t/image/upload/v1717765697/oyyuy09gwpujruub1rnr.jpg,https://res.cloudinary.com/dvrhf8d9t/image/upload/v1717765698/ypikmedzqlogjhl0io8a.jpg,58,8,Mahasiswa,Ingin menambah produktivitas,
98,,,,https://res.cloudinary.com/dvrhf8d9t/image/upload/v1717765697/oyyuy09gwpujruub1rnr.jpg,https://res.cloudinary.com/dvrhf8d9t/image/upload/v1717765698/ypikmedzqlogjhl0io8a.jpg,59,8,Mahasiswa,Ingin menambah produktivitas,
99,,,,https://res.cloudinary.com/dvrhf8d9t/image/upload/v1717765697/oyyuy09gwpujruub1rnr.jpg,https://res.cloudinary.com/dvrhf8d9t/image/upload/v1717765698/ypikmedzqlogjhl0io8a.jpg,60,8,Karyawan Swasta,Ingin menambah produktivitas,
100,,,,https://res.cloudinary.com/dvrhf8d9t/image/upload/v1717765697/oyyuy09gwpujruub1rnr.jpg,https://res.cloudinary.com/dvrhf8d9t/image/upload/v1717765698/ypikmedzqlogjhl0io8a.jpg,61,8,Karyawan Swasta,Ingin menambah produktivitas,
101,,,,https://res.cloudinary.com/dvrhf8d9t/image/upload/v1717765697/oyyuy09gwpujruub1rnr.jpg,https://res.cloudinary.com/dvrhf8d9t/image/upload/v1717765698/ypikmedzqlogjhl0io8a.jpg,72,8,Guru,Ingin menambah produktivitas,
102,,,,https://res.cloudinary.com/dvrhf8d9t/image/upload/v1717765697/oyyuy09gwpujruub1rnr.jpg,https://res.cloudinary.com/dvrhf8d9t/image/upload/v1717765698/ypikmedzqlogjhl0io8a.jpg,73,8,Guru,Ingin menambah produktivitas,
103,,,,https://res.cloudinary.com/dvrhf8d9t/image/upload/v1717765697/oyyuy09gwpujruub1rnr.jpg,https://res.cloudinary.com/dvrhf8d9t/image/upload/v1717765698/ypikmedzqlogjhl0io8a.jpg,74,8,Guru,Ingin menambah produktivitas,
104,,,,https://res.cloudinary.com/dvrhf8d9t/image/upload/v1717765697/oyyuy09gwpujruub1rnr.jpg,https://res.cloudinary.com/dvrhf8d9t/image/upload/v1717765698/ypikmedzqlogjhl0io8a.jpg,54,9,Mahasiswa,Ingin menambah produktivitas,
105,,,,https://res.cloudinary.com/dvrhf8d9t/image/upload/v1717765697/oyyuy09gwpujruub1rnr.jpg,https://res.cloudinary.com/dvrhf8d9t/image/upload/v1717765698/ypikmedzqlogjhl0io8a.jpg,55,9,Mahasiswa,Ingin menambah produktivitas,
106,,,,https://res.cloudinary.com/dvrhf8d9t/image/upload/v1717765697/oyyuy09gwpujruub1rnr.jpg,https://res.cloudinary.com/dvrhf8d9t/image/upload/v1717765698/ypikmedzqlogjhl0io8a.jpg,56,9,Mahasiswa,Ingin menambah produktivitas,
107,,,,https://res.cloudinary.com/dvrhf8d9t/image/upload/v1717765697/oyyuy09gwpujruub1rnr.jpg,https://res.cloudinary.com/dvrhf8d9t/image/upload/v1717765698/ypikmedzqlogjhl0io8a.jpg,58,9,Mahasiswa,Ingin menambah produktivitas,
108,,,,https://res.cloudinary.com/dvrhf8d9t/image/upload/v1717765697/oyyuy09gwpujruub1rnr.jpg,https://res.cloudinary.com/dvrhf8d9t/image/upload/v1717765698/ypikmedzqlogjhl0io8a.jpg,59,9,Mahasiswa,Ingin menambah produktivitas,
109,,,,https://res.cloudinary.com/dvrhf8d9t/image/upload/v1717765697/oyyuy09gwpujruub1rnr.jpg,https://res.cloudinary.com/dvrhf8d9t/image/upload/v1717765698/ypikmedzqlogjhl0io8a.jpg,60,9,Karyawan Swasta,Ingin menambah produktivitas,
110,,,,https://res.cloudinary.com/dvrhf8d9t/image/upload/v1717765697/oyyuy09gwpujruub1rnr.jpg,https://res.cloudinary.com/dvrhf8d9t/image/upload/v1717765698/ypikmedzqlogjhl0io8a.jpg,61,9,Karyawan Swasta,Ingin menambah produktivitas,
111,,,,https://res.cloudinary.com/dvrhf8d9t/image/upload/v1717765697/oyyuy09gwpujruub1rnr.jpg,https://res.cloudinary.com/dvrhf8d9t/image/upload/v1717765698/ypikmedzqlogjhl0io8a.jpg,62,9,Karyawan Swasta,Ingin menambah produktivitas,
112,,,,https://res.cloudinary.com/dvrhf8d9t/image/upload/v1717765697/oyyuy09gwpujruub1rnr.jpg,https://res.cloudinary.com/dvrhf8d9t/image/upload/v1717765698/ypikmedzqlogjhl0io8a.jpg,63,9,Karyawan Swasta,Ingin menambah produktivitas,
113,,,,https://res.cloudinary.com/dvrhf8d9t/image/upload/v1717765697/oyyuy09gwpujruub1rnr.jpg,https://res.cloudinary.com/dvrhf8d9t/image/upload/v1717765698/ypikmedzqlogjhl0io8a.jpg,64,9,Karyawan Swasta,Ingin menambah produktivitas,
114,,,,https://res.cloudinary.com/dvrhf8d9t/image/upload/v1717765697/oyyuy09gwpujruub1rnr.jpg,https://res.cloudinary.com/dvrhf8d9t/image/upload/v1717765698/ypikmedzqlogjhl0io8a.jpg,65,9,Karyawan Swasta,Ingin menambah produktivitas,
115,,,,https://res.cloudinary.com/dvrhf8d9t/image/upload/v1717765697/oyyuy09gwpujruub1rnr.jpg,https://res.cloudinary.com/dvrhf8d9t/image/upload/v1717765698/ypikmedzqlogjhl0io8a.jpg,66,9,Karyawan Swasta,Ingin menambah produktivitas,
116,,,,https://res.cloudinary.com/dvrhf8d9t/image/upload/v1717765697/oyyuy09gwpujruub1rnr.jpg,https://res.cloudinary.com/dvrhf8d9t/image/upload/v1717765698/ypikmedzqlogjhl0io8a.jpg,67,9,PNS,Ingin menambah produktivitas,
117,,,,https://res.cloudinary.com/dvrhf8d9t/image/upload/v1717765697/oyyuy09gwpujruub1rnr.jpg,https://res.cloudinary.com/dvrhf8d9t/image/upload/v1717765698/ypikmedzqlogjhl0io8a.jpg,68,9,PNS,Ingin menambah produktivitas,
118,,,,https://res.cloudinary.com/dvrhf8d9t/image/upload/v1717765697/oyyuy09gwpujruub1rnr.jpg,https://res.cloudinary.com/dvrhf8d9t/image/upload/v1717765698/ypikmedzqlogjhl0io8a.jpg,69,9,PNS,Ingin menambah produktivitas,
119,,,,https://res.cloudinary.com/dvrhf8d9t/image/upload/v1717765697/oyyuy09gwpujruub1rnr.jpg,https://res.cloudinary.com/dvrhf8d9t/image/upload/v1717765698/ypikmedzqlogjhl0io8a.jpg,70,9,PNS,Ingin menambah produktivitas,
120,,,,https://res.cloudinary.com/dvrhf8d9t/image/upload/v1717765697/oyyuy09gwpujruub1rnr.jpg,https://res.cloudinary.com/dvrhf8d9t/image/upload/v1717765698/ypikmedzqlogjhl0io8a.jpg,71,9,PNS,Ingin menambah produktivitas,
121,,,,https://res.cloudinary.com/dvrhf8d9t/image/upload/v1717765697/oyyuy09gwpujruub1rnr.jpg,https://res.cloudinary.com/dvrhf8d9t/image/upload/v1717765698/ypikmedzqlogjhl0io8a.jpg,72,9,Guru,Ingin menambah produktivitas,
122,,,,https://res.cloudinary.com/dvrhf8d9t/image/upload/v1717765697/oyyuy09gwpujruub1rnr.jpg,https://res.cloudinary.com/dvrhf8d9t/image/upload/v1717765698/ypikmedzqlogjhl0io8a.jpg,73,9,Guru,Ingin menambah produktivitas,
123,,,,https://res.cloudinary.com/dvrhf8d9t/image/upload/v1717765697/oyyuy09gwpujruub1rnr.jpg,https://res.cloudinary.com/dvrhf8d9t/image/upload/v1717765698/ypikmedzqlogjhl0io8a.jpg,74,9,Guru,Ingin menambah produktivitas,
124,,,,https://res.cloudinary.com/dvrhf8d9t/image/upload/v1717765697/oyyuy09gwpujruub1rnr.jpg,https://res.cloudinary.com/dvrhf8d9t/image/upload/v1717765698/ypikmedzqlogjhl0io8a.jpg,75,9,Guru,Ingin menambah produktivitas,
125,,,,https://res.cloudinary.com/dvrhf8d9t/image/upload/v1717765697/oyyuy09gwpujruub1rnr.jpg,https://res.cloudinary.com/dvrhf8d9t/image/upload/v1717765698/ypikmedzqlogjhl0io8a.jpg,76,9,Lainnya,Ingin menambah produktivitas,
126,,,,https://res.cloudinary.com/dvrhf8d9t/image/upload/v1717765697/oyyuy09gwpujruub1rnr.jpg,https://res.cloudinary.com/dvrhf8d9t/image/upload/v1717765698/ypikmedzqlogjhl0io8a.jpg,77,9,Lainnya,Ingin menambah produktivitas,
127,,,,https://res.cloudinary.com/dvrhf8d9t/image/upload/v1717765697/oyyuy09gwpujruub1rnr.jpg,https://res.cloudinary.com/dvrhf8d9t/image/upload/v1717765698/ypikmedzqlogjhl0io8a.jpg,78,9,Lainnya,Ingin menambah produktivitas,
128,,,,https://res.cloudinary.com/dvrhf8d9t/image/upload/v1717765697/oyyuy09gwpujruub1rnr.jpg,https://res.cloudinary.com/dvrhf8d9t/image/upload/v1717765698/ypikmedzqlogjhl0io8a.jpg,79,9,Lainnya,Ingin menambah produktivitas,
129,,,,https://res.cloudinary.com/dvrhf8d9t/image/upload/v1717765697/oyyuy09gwpujruub1rnr.jpg,https://res.cloudinary.com/dvrhf8d9t/image/upload/v1717765698/ypikmedzqlogjhl0io8a.jpg,80,10,Lainnya,Ingin menambah produktivitas,
130,,,,https://res.cloudinary.com/dvrhf8d9t/image/upload/v1717765697/oyyuy09gwpujruub1rnr.jpg,https://res.cloudinary.com/dvrhf8d9t/image/upload/v1717765698/ypikmedzqlogjhl0io8a.jpg,81,10,Lainnya,Ingin menambah produktivitas,
131,,,,https://res.cloudinary.com/dvrhf8d9t/image/upload/v1717765697/oyyuy09gwpujruub1rnr.jpg,https://res.cloudinary.com/dvrhf8d9t/image/upload/v1717765698/ypikmedzqlogjhl0io8a.jpg,82,10,Lainnya,Ingin menambah produktivitas,
132,,,,https://res.cloudinary.com/dvrhf8d9t/image/upload/v1717765697/oyyuy09gwpujruub1rnr.jpg,https://res.cloudinary.com/dvrhf8d9t/image/upload/v1717765698/ypikmedzqlogjhl0io8a.jpg,83,10,Lainnya,Ingin menambah produktivitas,
133,,,,https://res.cloudinary.com/dvrhf8d9t/image/upload/v1717765697/oyyuy09gwpujruub1rnr.jpg,https://res.cloudinary.com/dvrhf8d9t/image/upload/v1717765698/ypikmedzqlogjhl0io8a.jpg,84,10,Lainnya,Ingin menambah produktivitas,
134,,,,https://res.cloudinary.com/dvrhf8d9t/image/upload/v1717765697/oyyuy09gwpujruub1rnr.jpg,https://res.cloudinary.com/dvrhf8d9t/image/upload/v1717765698/ypikmedzqlogjhl0io8a.jpg,85,10,Lainnya,Ingin menambah produktivitas,
135,,,,https://res.cloudinary.com/dvrhf8d9t/image/upload/v1717765697/oyyuy09gwpujruub1rnr.jpg,https://res.cloudinary.com/dvrhf8d9t/image/upload/v1717765698/ypikmedzqlogjhl0io8a.jpg,81,11,Lainnya,Ingin menambah produktivitas,
136,,,,https://res.cloudinary.com/dvrhf8d9t/image/upload/v1717765697/oyyuy09gwpujruub1rnr.jpg,https://res.cloudinary.com/dvrhf8d9t/image/upload/v1717765698/ypikmedzqlogjhl0io8a.jpg,82,11,Lainnya,Ingin menambah produktivitas,
137,,,,https://res.cloudinary.com/dvrhf8d9t/image/upload/v1717765697/oyyuy09gwpujruub1rnr.jpg,https://res.cloudinary.com/dvrhf8d9t/image/upload/v1717765698/ypikmedzqlogjhl0io8a.jpg,83,11,Lainnya,Ingin menambah produktivitas,
138,,,,https://res.cloudinary.com/dvrhf8d9t/image/upload/v1717765697/oyyuy09gwpujruub1rnr.jpg,https://res.cloudinary.com/dvrhf8d9t/image/upload/v1717765698/ypikmedzqlogjhl0io8a.jpg,84,11,Lainnya,Ingin menambah produktivitas,
139,,,,https://res.cloudinary.com/dvrhf8d9t/image/upload/v1717765697/oyyuy09gwpujruub1rnr.jpg,https://res.cloudinary.com/dvrhf8d9t/image/upload/v1717765698/ypikmedzqlogjhl0io8a.jpg,85,11,Lainnya,Ingin menambah produktivitas,
140,,,,https://res.cloudinary.com/dvrhf8d9t/image/upload/v1717765697/oyyuy09gwpujruub1rnr.jpg,https://res.cloudinary.com/dvrhf8d9t/image/upload/v1717765698/ypikmedzqlogjhl0io8a.jpg,54,12,Mahasiswa,Ingin menambah produktivitas,
141,,,,https://res.cloudinary.com/dvrhf8d9t/image/upload/v1717765697/oyyuy09gwpujruub1rnr.jpg,https://res.cloudinary.com/dvrhf8d9t/image/upload/v1717765698/ypikmedzqlogjhl0io8a.jpg,55,12,Mahasiswa,Ingin menambah produktivitas,
142,,,,https://res.cloudinary.com/dvrhf8d9t/image/upload/v1717765697/oyyuy09gwpujruub1rnr.jpg,https://res.cloudinary.com/dvrhf8d9t/image/upload/v1717765698/ypikmedzqlogjhl0io8a.jpg,56,12,Mahasiswa,Ingin menambah produktivitas,
143,,,,https://res.cloudinary.com/dvrhf8d9t/image/upload/v1717765697/oyyuy09gwpujruub1rnr.jpg,https://res.cloudinary.com/dvrhf8d9t/image/upload/v1717765698/ypikmedzqlogjhl0io8a.jpg,58,12,Mahasiswa,Ingin menambah produktivitas,
144,,,,https://res.cloudinary.com/dvrhf8d9t/image/upload/v1717765697/oyyuy09gwpujruub1rnr.jpg,https://res.cloudinary.com/dvrhf8d9t/image/upload/v1717765698/ypikmedzqlogjhl0io8a.jpg,72,12,Guru,Ingin menambah produktivitas,
145,,,,https://res.cloudinary.com/dvrhf8d9t/image/upload/v1717765697/oyyuy09gwpujruub1rnr.jpg,https://res.cloudinary.com/dvrhf8d9t/image/upload/v1717765698/ypikmedzqlogjhl0io8a.jpg,73,12,Guru,Ingin menambah produktivitas,
146,,,,https://res.cloudinary.com/dvrhf8d9t/image/upload/v1717765697/oyyuy09gwpujruub1rnr.jpg,https://res.cloudinary.com/dvrhf8d9t/image/upload/v1717765698/ypikmedzqlogjhl0io8a.jpg,74,12,Guru,Ingin menambah produktivitas,
147,,,,https://res.cloudinary.com/dvrhf8d9t/image/upload/v1717765697/oyyuy09gwpujruub1rnr.jpg,https://res.cloudinary.com/dvrhf8d9t/image/upload/v1717765698/ypikmedzqlogjhl0io8a.jpg,67,29,PNS,Ingin menambah produktivitas,
148,,,,https://res.cloudinary.com/dvrhf8d9t/image/upload/v1717765697/oyyuy09gwpujruub1rnr.jpg,https://res.cloudinary.com/dvrhf8d9t/image/upload/v1717765698/ypikmedzqlogjhl0io8a.jpg,68,29,PNS,Ingin menambah produktivitas,
149,,,,https://res.cloudinary.com/dvrhf8d9t/image/upload/v1717765697/oyyuy09gwpujruub1rnr.jpg,https://res.cloudinary.com/dvrhf8d9t/image/upload/v1717765698/ypikmedzqlogjhl0io8a.jpg,69,29,PNS,Ingin menambah produktivitas,
150,,,,https://res.cloudinary.com/dvrhf8d9t/image/upload/v1717765697/oyyuy09gwpujruub1rnr.jpg,https://res.cloudinary.com/dvrhf8d9t/image/upload/v1717765698/ypikmedzqlogjhl0io8a.jpg,56,29,Mahasiswa,Ingin menambah produktivitas,
151,,,,https://res.cloudinary.com/dvrhf8d9t/image/upload/v1717765697/oyyuy09gwpujruub1rnr.jpg,https://res.cloudinary.com/dvrhf8d9t/image/upload/v1717765698/ypikmedzqlogjhl0io8a.jpg,59,29,Mahasiswa,Ingin menambah produktivitas,
152,,,,https://res.cloudinary.com/dvrhf8d9t/image/upload/v1717765697/oyyuy09gwpujruub1rnr.jpg,https://res.cloudinary.com/dvrhf8d9t/image/upload/v1717765698/ypikmedzqlogjhl0io8a.jpg,54,30,Mahasiswa,Ingin menambah produktivitas,
153,,,,https://res.cloudinary.com/dvrhf8d9t/image/upload/v1717765697/oyyuy09gwpujruub1rnr.jpg,https://res.cloudinary.com/dvrhf8d9t/image/upload/v1717765698/ypikmedzqlogjhl0io8a.jpg,55,30,Mahasiswa,Ingin menambah produktivitas,
154,,,,https://res.cloudinary.com/dvrhf8d9t/image/upload/v1717765697/oyyuy09gwpujruub1rnr.jpg,https://res.cloudinary.com/dvrhf8d9t/image/upload/v1717765698/ypikmedzqlogjhl0io8a.jpg,56,30,Mahasiswa,Ingin menambah produktivitas,
155,,,,https://res.cloudinary.com/dvrhf8d9t/image/upload/v1717765697/oyyuy09gwpujruub1rnr.jpg,https://res.cloudinary.com/dvrhf8d9t/image/upload/v1717765698/ypikmedzqlogjhl0io8a.jpg,76,30,Liannya,Ingin menambah produktivitas,
156,,,,https://res.cloudinary.com/dvrhf8d9t/image/upload/v1717765697/oyyuy09gwpujruub1rnr.jpg,https://res.cloudinary.com/dvrhf8d9t/image/upload/v1717765698/ypikmedzqlogjhl0io8a.jpg,77,30,Liannya,Ingin menambah produktivitas,
157,,,,https://res.cloudinary.com/dvrhf8d9t/image/upload/v1717765697/oyyuy09gwpujruub1rnr.jpg,https://res.cloudinary.com/dvrhf8d9t/image/upload/v1717765698/ypikmedzqlogjhl0io8a.jpg,78,30,Liannya,Ingin menambah produktivitas,
158,,,,https://res.cloudinary.com/dvrhf8d9t/image/upload/v1717765697/oyyuy09gwpujruub1rnr.jpg,https://res.cloudinary.com/dvrhf8d9t/image/upload/v1717765698/ypikmedzqlogjhl0io8a.jpg,54,31,Mahasiswa,Ingin menambah produktivitas,
159,,,,https://res.cloudinary.com/dvrhf8d9t/image/upload/v1717765697/oyyuy09gwpujruub1rnr.jpg,https://res.cloudinary.com/dvrhf8d9t/image/upload/v1717765698/ypikmedzqlogjhl0io8a.jpg,55,31,Mahasiswa,Ingin menambah produktivitasIngin menambah produktivitas,
160,,,,https://res.cloudinary.com/dvrhf8d9t/image/upload/v1717765697/oyyuy09gwpujruub1rnr.jpg,https://res.cloudinary.com/dvrhf8d9t/image/upload/v1717765698/ypikmedzqlogjhl0io8a.jpg,56,31,Mahasiswa,Ingin menambah produktivitas,
161,,,,https://res.cloudinary.com/dvrhf8d9t/image/upload/v1717765697/oyyuy09gwpujruub1rnr.jpg,https://res.cloudinary.com/dvrhf8d9t/image/upload/v1717765698/ypikmedzqlogjhl0io8a.jpg,58,31,Mahasiswa,Ingin menambah produktivitas,
162,,,,https://res.cloudinary.com/dvrhf8d9t/image/upload/v1717765697/oyyuy09gwpujruub1rnr.jpg,https://res.cloudinary.com/dvrhf8d9t/image/upload/v1717765698/ypikmedzqlogjhl0io8a.jpg,59,31,Mahasiswa,Ingin menambah produktivitas,
163,2024-06-10 00:34:46.120,2024-06-10 00:34:46.120,,https://res.cloudinary.com/dvrhf8d9t/image/upload/v1717979684/vcthcdfz5ugyckfpx4ev.jpg,https://res.cloudinary.com/dvrhf8d9t/image/upload/v1717979685/blkpibttjodtbg8lbcyv.jpg,73,2,Programmmerrrrrr,test,23.0
