id,created_at,updated_at,deleted_at,title,organization_id,content_activity,location,start_date,end_date,target_volunteer,registered_volunteer,registration_deadline,image_url,status
1,2024-06-04 01:16:25.220,,,"Pantai Bersih, Laut Sehat: Aksi Sukarela untuk Masa Depan Bumi",11,"Program ""Pendidikan untuk Semua: Gerakan Sukarela Mengajar Anak Bangsa"" adalah sebuah inisiatif sukarela yang bertujuan untuk menyediakan akses pendidikan yang lebih luas bagi anak-anak di seluruh negeri. Para relawan akan bergabung dalam gerakan ini dengan tekad untuk memberikan kontribusi nyata dalam meningkatkan taraf pendidikan di komunitas mereka. Dalam program ini, relawan akan memberikan waktu, pengetahuan, dan keterampilan mereka untuk mengajar anak-anak, baik di sekolah formal maupun di lingkungan informal seperti rumah-rumah singgah atau pusat komunitas. Melalui metode pengajaran yang kreatif dan interaktif, relawan akan membantu anak-anak mengembangkan potensi mereka, meningkatkan keterampilan akademis, dan membuka jendela kesempatan untuk masa depan yang lebih cerah. Selain itu, program ini juga bertujuan untuk mendorong kesadaran akan pentingnya pendidikan sebagai alat untuk mengatasi ketidaksetaraan sosial dan mengurangi kemiskinan. Dengan bergabung dalam gerakan ini, para relawan tidak hanya membantu membangun masa depan yang lebih baik bagi anak-anak, tetapi juga menjadi agen perubahan dalam mewujudkan visi pendidikan yang inklusif dan merata bagi semua anak bangsa.","Jakarta, Indonesia",2024-04-24,2024-04-25,5,5,2024-04-23,https://res.cloudinary.com/dvrhf8d9t/image/upload/v1717705867/Get_Involved_-_Events_and_Volunteer_Opportunities_-_4ocean_jvyib2.jpg,inactive
2,2024-06-07 02:16:25.220,,,Hijaukan Kembali: Aksi Peduli Taman untuk Lingkungan Lebih Sehat,12,"Program ""Hijaukan Kembali: Aksi Peduli Taman untuk Lingkungan Lebih Sehat"" adalah sebuah inisiatif sukarela yang bertujuan untuk meningkatkan kesadaran akan pentingnya menjaga kelestarian lingkungan melalui kegiatan penanaman kembali dan perawatan taman-taman di sekitar kita. Para relawan yang bergabung dalam program ini akan berkomitmen untuk mengembalikan kehijauan dan keindahan alam yang terancam oleh urbanisasi dan perubahan lingkungan. Mereka akan bekerja sama dalam menanam pohon, merawat taman-taman kota, dan mengembangkan ruang terbuka hijau yang ramah lingkungan bagi masyarakat lokal. Selain itu, program ini juga bertujuan untuk memberikan edukasi kepada masyarakat tentang manfaat lingkungan yang positif dari taman-taman kota, termasuk penyerapan karbon, penyediaan habitat bagi satwa liar, dan peningkatan kualitas udara. Melalui ""Hijaukan Kembali,"" para relawan berharap dapat menginspirasi lebih banyak orang untuk peduli pada lingkungan dan menjadi agen perubahan dalam mewujudkan lingkungan yang lebih hijau, sehat, dan berkelanjutan untuk masa depan yang lebih baik.","Jakarta, Indonesia",2024-04-26,2024-04-27,10,10,2024-04-14,https://res.cloudinary.com/dvrhf8d9t/image/upload/v1717712545/7_Reasons_to_Volunteer_on_Your_Next_Vacation_1_pyhfs2.jpg,inactive
3,2024-06-07 10:16:25.220,,,Gerakan Hijau: Bersama Tanam Kembali untuk Masa Depan,11,"Program ""Gerakan Hijau: Bersama Tanam Kembali untuk Masa Depan"" adalah sebuah inisiatif sukarela yang didedikasikan untuk memperjuangkan keberlanjutan lingkungan melalui kegiatan penanaman kembali yang luas dan berkelanjutan. Para relawan yang bergabung dalam program ini akan bekerja sama dalam menanam kembali pohon-pohon yang telah ditebang, memulihkan lahan-lahan yang terdegradasi, dan menjaga keberlanjutan sumber daya alam. Mereka akan bekerja di berbagai lokasi, mulai dari hutan-hutan yang terancam hingga kawasan-kawasan perkotaan yang membutuhkan lebih banyak ruang hijau. Selain itu, program ini juga bertujuan untuk memberikan edukasi kepada masyarakat tentang pentingnya menjaga keberlanjutan lingkungan dan manfaat yang diperoleh dari pelestarian alam. Melalui ""Gerakan Hijau,"" para relawan berharap dapat menciptakan perubahan positif dalam perlindungan lingkungan dan meningkatkan kesadaran akan tanggung jawab kita semua terhadap masa depan bumi. Dengan bersatu dan beraksi bersama-sama, mereka mengarah pada masa depan yang lebih hijau, sehat, dan berkelanjutan bagi generasi mendatang.","Jl.Rungkut, Surabaya, Jawa Timur",2024-07-28,2024-07-29,40,5,2024-07-16,https://res.cloudinary.com/dvrhf8d9t/image/upload/v1717712590/download_16_xazmlu.jpg,
4,2024-06-07 11:16:25.220,,,Reforestasi Bersama: Aksi Sukarela untuk Bumi yang Lebih Hijau,12,"Program ""Reforestasi Bersama: Aksi Sukarela untuk Bumi yang Lebih Hijau"" adalah sebuah inisiatif sukarela yang bertujuan untuk memperjuangkan keberlanjutan lingkungan melalui upaya reboisasi yang massif dan kolaboratif. Para relawan yang terlibat dalam program ini akan bekerja bersama untuk menanam kembali pohon-pohon yang telah ditebang, memulihkan ekosistem yang terdegradasi, dan mengembalikan habitat alami bagi berbagai spesies flora dan fauna. Mereka akan berpartisipasi dalam kegiatan penanaman pohon di berbagai lokasi, mulai dari hutan-hutan yang terpencil hingga kawasan-kawasan perkotaan yang membutuhkan lebih banyak ruang hijau. Selain itu, program ini juga akan fokus pada edukasi masyarakat tentang pentingnya reboisasi dalam mengatasi perubahan iklim, menjaga keseimbangan ekosistem, dan meningkatkan kualitas lingkungan hidup. Melalui ""Reforestasi Bersama,"" para relawan berharap dapat menciptakan dampak positif yang signifikan dalam upaya perlindungan alam dan menciptakan masa depan yang lebih hijau dan berkelanjutan bagi generasi mendatang. Dengan kerjasama dan komitmen bersama, mereka berupaya untuk menjaga kelestarian bumi sebagai warisan yang berharga bagi seluruh umat manusia.","Kepanjen, Malang, Jawa Timur",2024-07-30,2024-07-31,40,12,2024-07-19,https://res.cloudinary.com/dvrhf8d9t/image/upload/v1717712665/Larry_Polhill____Image_Source__https___twitter_com_LarryPolhill_ihj6x5.jpg,
5,2024-06-07 01:16:25.220,,,Pendidikan untuk Semua: Gerakan Sukarela Mengajar Anak Bangsa,7,"Program ""Pendidikan untuk Semua: Gerakan Sukarela Mengajar Anak Bangsa"" adalah sebuah inisiatif sukarela yang bertujuan untuk memberikan akses pendidikan yang lebih merata bagi semua anak di negeri ini. Para relawan yang terlibat dalam program ini akan mendedikasikan waktu dan tenaga mereka untuk mengajar anak-anak dari berbagai lapisan masyarakat, baik di perkotaan maupun di pedesaan. Mereka akan memberikan pengajaran secara sukarela dalam berbagai mata pelajaran, mulai dari matematika dan ilmu pengetahuan alam hingga bahasa dan seni. Tujuan utama dari program ini adalah untuk meningkatkan tingkat literasi dan pendidikan anak-anak, sehingga mereka memiliki kesempatan yang sama untuk meraih masa depan yang cerah. Selain itu, program ini juga bertujuan untuk membantu mengurangi kesenjangan pendidikan dan memberdayakan masyarakat melalui peningkatan akses dan mutu pendidikan. Melalui ""Pendidikan untuk Semua,"" para relawan berharap dapat menciptakan perubahan positif dalam kehidupan anak-anak dan membantu membangun masa depan yang lebih baik bagi bangsa ini. Dengan semangat sukarela dan tekad yang kuat, mereka bersama-sama mewujudkan visi pendidikan yang inklusif dan berkeadilan bagi semua anak bangsa.","Medan, Sumatra Utara",2024-03-01,2024-03-05,10,10,2024-02-29,https://res.cloudinary.com/dvrhf8d9t/image/upload/v1717712708/Equidad_ugczff.jpg,inactive
6,2024-06-07 01:16:25.220,,,Berbagi Ilmu: Aksi Sukarela Menginspirasi Generasi Muda,8,"Program ""Berbagi Ilmu: Aksi Sukarela Menginspirasi Generasi Muda"" adalah sebuah inisiatif sukarela yang bertujuan untuk memberikan pengajaran dan inspirasi kepada generasi muda melalui berbagi pengetahuan dan pengalaman. Para relawan yang terlibat dalam program ini akan memberikan waktu dan komitmen mereka untuk memberikan sesi pembelajaran, mentoring, dan diskusi kepada anak-anak dan remaja. Mereka akan berbagi pengetahuan dalam berbagai bidang, mulai dari pendidikan formal hingga keahlian keterampilan hidup, dan membimbing generasi muda untuk meraih potensi mereka yang terbaik. Program ini tidak hanya bertujuan untuk meningkatkan keterampilan akademis, tetapi juga untuk membantu membangun karakter, kepercayaan diri, dan visi masa depan yang jelas bagi para peserta. Melalui ""Berbagi Ilmu,"" para relawan berharap dapat memberikan dampak yang positif dalam perkembangan dan pertumbuhan generasi muda, serta memberikan mereka dorongan untuk meraih impian dan tujuan hidup mereka. Dengan semangat sukarela dan kepedulian akan masa depan anak-anak, mereka bersedia menjadi teladan dan mentor yang menginspirasi, membantu membentuk generasi yang tangguh dan berkualitas bagi masa depan bangsa ini.","Probolinggo, Jawa Timur",2024-07-06,2024-07-10,30,5,2024-07-16,https://res.cloudinary.com/dvrhf8d9t/image/upload/v1717712778/How_Poverty_Related_to_Education___pn5u44.jpg,
7,2024-06-07 01:16:25.220,,,Berbagi Kebaikan: Aksi Sukarela Berbagi Makanan,4,"Program ""Berbagi Kebaikan"" mengajak para sukarelawan untuk membantu mereka yang membutuhkan dengan menyediakan makanan bergizi. Kegiatan utama meliputi menggalang dana dan donasi makanan dari masyarakat, mengatur logistik dan penyimpanan makanan dengan aman, menyortir dan mengemas bahan makanan menjadi paket siap saji, menyalurkan makanan ke panti asuhan, rumah singgah, dan komunitas miskin, mengadakan sesi edukasi tentang pola makan sehat, mendistribusikan materi edukatif tentang gizi seimbang, mari bergabung dalam ""Berbagi Kebaikan"" dan bersama-sama kita dapat membantu meringankan beban mereka yang membutuhkan serta meningkatkan kesadaran sosial di masyarakat!","Jember, Jawa Timur",2024-07-11,2024-07-15,50,10,2024-07-16,https://res.cloudinary.com/dvrhf8d9t/image/upload/v1717712836/Episodes_of_Food_Inflation_Increase_the_Number_of_Poor_People_cqp5n4.jpg,
8,2024-06-07 01:16:25.220,,,Santapan Peduli: Aksi Berbagi Makanan untuk Sesama,5,"Program ""Santapan Peduli"" bertujuan menyediakan makanan bergizi bagi mereka yang membutuhkan melalui aksi sukarela. Para relawan akan menggalang donasi makanan dan dana dari komunitas lokal serta memastikan pengumpulan dan penyimpanan makanan dilakukan dengan standar higienis. Makanan yang terkumpul akan disortir dan dikemas menjadi paket yang layak dan bergizi, kemudian didistribusikan ke lokasi-lokasi yang membutuhkan seperti panti asuhan dan komunitas kurang mampu. Melalui program ini, kami berharap dapat membantu meringankan beban mereka yang membutuhkan dan menciptakan perubahan positif di lingkungan kita. Bergabunglah dalam ""Santapan Peduli"" dan jadilah bagian dari gerakan kebaikan ini!","Purworejo, Jawa Timur",2024-07-16,2024-07-20,50,10,2024-07-17,https://res.cloudinary.com/dvrhf8d9t/image/upload/v1717712876/Childcare_Volunteer_Program_in_South_Africa___IVHQ_lippla.jpg,
9,2024-06-07 01:16:25.220,,,Sehat Bersama: Aksi Sukarela Cek Kesehatan Gratis,3,"Program ""Sehat Bersama"" adalah inisiatif sukarela yang bertujuan untuk meningkatkan kesehatan masyarakat melalui layanan cek kesehatan gratis. Para volunteer yang terdiri dari tenaga medis dan non-medis akan berkolaborasi untuk menyediakan pemeriksaan kesehatan dasar seperti pengukuran tekanan darah, tes gula darah, pemeriksaan mata, dan konsultasi kesehatan umum. Program ini akan diadakan di berbagai lokasi seperti panti asuhan, rumah singgah, dan komunitas miskin kota untuk memastikan akses kesehatan yang lebih merata. Selain itu, sesi edukasi tentang gaya hidup sehat dan pencegahan penyakit juga akan diselenggarakan untuk meningkatkan kesadaran masyarakat tentang pentingnya menjaga kesehatan. Dengan bergabung dalam program ""Sehat Bersama,"" para relawan dapat berkontribusi langsung dalam upaya meningkatkan kualitas hidup dan kesejahteraan komunitas yang membutuhkan.","Papua, Indonesia",2024-05-21,2024-05-22,25,25,2024-04-30,https://res.cloudinary.com/dvrhf8d9t/image/upload/v1717713053/How_threatened_are_we_by_Ebola_virus__mncenq.jpg,inactive
10,2024-06-07 01:16:25.220,,,Sejahtera Sehat: Aksi Sukarela Layanan Kesehatan Komunitas,13,"""Sejahtera Sehat"" adalah program sukarela yang bertujuan untuk menyediakan layanan kesehatan komunitas secara gratis. Para relawan akan menyelenggarakan kegiatan cek kesehatan yang mencakup pemeriksaan tekanan darah, pengukuran kadar gula darah, pemeriksaan kesehatan gigi, dan konsultasi kesehatan umum. Kegiatan ini diadakan di berbagai lokasi strategis seperti pasar rakyat, taman kota, dan tempat-tempat umum lainnya untuk memastikan akses yang mudah bagi semua lapisan masyarakat. Selain itu, program ini juga akan menyediakan edukasi tentang gaya hidup sehat, pentingnya pola makan yang seimbang, serta cara-cara pencegahan penyakit yang dapat dilakukan secara mandiri. Melalui ""Sejahtera Sehat,"" kami berharap dapat meningkatkan kesadaran akan kesehatan dan memberikan bantuan yang bermakna bagi komunitas yang membutuhkan. Ayo bergabung dan menjadi bagian dari perubahan positif dalam kesehatan masyarakat!","Bojonegoro, Jawa Timur",2024-07-05,2024-07-11,50,6,2024-07-02,https://res.cloudinary.com/dvrhf8d9t/image/upload/v1717713095/Medecins_sans_Frontieres__The_Ebola_crisis_has_them_in_the_headlines_ziiobd.jpg,
11,2024-06-07 01:16:25.220,,,Peduli Sehat: Aksi Sukarela Kesehatan untuk Semua,3,"""Peduli Sehat"" adalah program sukarela yang bertujuan untuk memberikan akses layanan kesehatan kepada semua kalangan masyarakat. Para relawan akan memberikan pemeriksaan kesehatan dasar seperti pengukuran tekanan darah, tes gula darah, dan pemeriksaan kesehatan gigi secara gratis. Kegiatan ini akan dilakukan di lokasi-lokasi strategis seperti pusat komunitas, gereja, dan sekolah, sehingga lebih banyak orang dapat mengaksesnya dengan mudah. Selain itu, program ini juga akan memberikan edukasi tentang pentingnya gaya hidup sehat, nutrisi yang baik, dan cara-cara menjaga kesehatan yang dapat dilakukan sehari-hari. Dengan bergabung dalam ""Peduli Sehat,"" para relawan dapat berkontribusi dalam meningkatkan kesehatan masyarakat dan memberikan dampak positif bagi kehidupan mereka. Ayo bergabung dan bersama-sama kita peduli akan kesehatan semua orang!","Trawas, Mojokerto",2024-08-01,2024-08-02,50,5,2024-07-30,https://res.cloudinary.com/dvrhf8d9t/image/upload/v1717713136/TBT_Volunteers_helping_a_child_listen_to_a_heartbeat_in_2009__ygz9rt.jpg,
12,2024-06-07 01:16:25.220,,,Membangun Bersama: Aksi Sukarela Renovasi untuk Lingkungan Lebih Baik,13,"Program ""Membangun Bersama"" mengajak para sukarelawan untuk bergabung dalam aksi renovasi untuk memperbaiki dan memperindah lingkungan sekitar. Para relawan akan bekerja sama dalam melakukan berbagai proyek renovasi, termasuk perbaikan fasilitas umum, pemeliharaan ruang terbuka hijau, dan restorasi bangunan bersejarah. Kegiatan ini tidak hanya bertujuan untuk meningkatkan estetika lingkungan, tetapi juga untuk menciptakan ruang yang lebih fungsional dan nyaman bagi masyarakat lokal. Selain itu, program ini juga menjadi sarana untuk membangun solidaritas dan kebersamaan dalam komunitas, karena setiap usaha dan kerjasama dari para relawan akan menjadi landasan untuk menciptakan lingkungan yang lebih baik untuk semua orang. Melalui ""Membangun Bersama,"" kami mengajak semua orang untuk bergabung dalam upaya membangun masa depan yang lebih baik dan berkelanjutan untuk kita semua. Ayo bergabung dan bersama-sama kita wujudkan perubahan positif dalam lingkungan kita!","Sukodono, Sidoarjo, Jawa Timur",2024-08-03,2024-08-05,70,7,2024-07-31,https://res.cloudinary.com/dvrhf8d9t/image/upload/v1717726864/building_a_school_in_Uganda_d5wu9u.jpg,
29,2024-06-07 01:16:25.220,,,Sumber Kehidupan: Aksi Sukarela Air Bersih untuk Komunitas,3,"Program ""Sumber Kehidupan"" adalah inisiatif sukarela yang bertujuan untuk menyediakan akses air bersih bagi komunitas yang membutuhkan. Para relawan akan bekerja sama dalam berbagai kegiatan, termasuk pembangunan sumur bor, instalasi sistem penyaringan air, dan pemeliharaan infrastruktur air bersih yang sudah ada. Selain itu, program ini juga akan memberikan edukasi kepada masyarakat tentang pentingnya kebersihan air, praktik-praktik penghematan air, dan sanitasi yang baik. Melalui ""Sumber Kehidupan,"" kami berupaya untuk meningkatkan kesehatan dan kesejahteraan masyarakat dengan menyediakan akses yang lebih baik terhadap air bersih. Bergabunglah dengan kami dalam upaya ini dan mari bersama-sama memastikan bahwa setiap orang memiliki hak yang sama atas air bersih, sumber kehidupan yang mendasar bagi kita semua.","Jl.Taman Pinang, Sidoarjo, Jawa Timur",2024-08-06,2024-08-06,40,5,2024-08-04,https://res.cloudinary.com/dvrhf8d9t/image/upload/v1717726927/With_your_help_we_re_giving_kids_all_over_Zambia_Africa_another_reason_to_smile_adftlg.jpg,
30,2024-06-07 01:16:25.220,,,Air untuk Semua: Aksi Sukarela Mewujudkan Akses Air Bersih,13,"Program ""Air untuk Semua"" mengajak para sukarelawan untuk bergabung dalam upaya menyediakan akses air bersih bagi komunitas yang membutuhkan. Para relawan akan terlibat dalam berbagai kegiatan, mulai dari pembersihan dan perbaikan sumur-sumur yang sudah ada hingga pembangunan infrastruktur baru seperti penampungan air dan sistem distribusi air. Selain itu, program ini juga akan fokus pada edukasi masyarakat tentang pentingnya menjaga kebersihan air dan praktik-praktik pengelolaan sumber daya air yang berkelanjutan. Melalui ""Air untuk Semua,"" kami berharap dapat membantu meningkatkan kesehatan dan kesejahteraan masyarakat dengan memastikan bahwa setiap individu memiliki akses yang aman dan layak terhadap air bersih. Mari bergabung dalam aksi sukarela ini dan bersama-sama kita wujudkan impian akan komunitas yang hidup dengan mandiri dan berkelanjutan melalui akses air yang memadai.","Pacet, Mojokerto",2024-08-07,2024-08-12,60,6,2024-08-06,https://res.cloudinary.com/dvrhf8d9t/image/upload/v1717726978/It_s_not_what_the_world_holds_for_you_it_s_what_you_can_bring_to_it__axe1d5.jpg,
31,2024-06-07 01:16:25.220,,,Pahlawan Hewan: Aksi Sukarela Rescue Anjing,11,"Program ""Pahlawan Hewan"" mengundang para sukarelawan untuk bergabung dalam aksi penyelamatan dan perawatan anjing yang membutuhkan bantuan. Para relawan akan terlibat dalam kegiatan mencari, mengumpulkan, dan merawat anjing-anjing terlantar atau terluka, serta membantu dalam proses adopsi untuk menemukan rumah yang aman dan bahagia bagi mereka. Selain itu, program ini juga akan memberikan edukasi kepada masyarakat tentang perlunya menjaga dan melindungi hewan-hewan peliharaan, serta pentingnya sterilisasi dan vaksinasi untuk mengendalikan populasi anjing liar. Melalui ""Pahlawan Hewan,"" kami berharap dapat memberikan kesempatan kedua bagi anjing-anjing yang terlantar dan menciptakan kesadaran akan kesejahteraan hewan di komunitas. Bergabunglah dengan kami dalam aksi sukarela ini dan bersama-sama kita menjadi suara bagi yang tak berbicara, membawa harapan dan kebahagiaan bagi anjing-anjing yang membutuhkan perlindungan dan kasih sayang.","Banyumas, Jawa Tengah",2024-08-10,2024-08-15,35,0,2024-07-01,https://res.cloudinary.com/dvrhf8d9t/image/upload/v1717727052/download_17_jzv4vp.jpg,
32,2024-06-07 01:16:25.220,,,Merdeka di Laut: Aksi Sukarela Realese Penyu,12,"Program ""Merdeka di Laut"" adalah inisiatif sukarela yang bertujuan untuk mendukung pelepasan penyu yang telah dipelihara kembali ke habitat alaminya. Para relawan akan terlibat dalam proses persiapan, pemantauan, dan pelaksanaan pelepasan penyu di pantai-pantai yang menjadi lokasi berkembang biak penyu. Selama kegiatan, relawan akan belajar tentang ekologi penyu, bahaya yang dihadapi oleh populasi penyu, dan upaya konservasi yang dilakukan untuk perlindungan spesies ini. Selain itu, program ini juga akan mempromosikan kesadaran masyarakat tentang pentingnya menjaga keberlangsungan hidup penyu dan ekosistem laut secara keseluruhan. Melalui ""Merdeka di Laut,"" kami berharap dapat memberikan kontribusi dalam pelestarian spesies penyu dan menjaga keseimbangan ekosistem laut. Mari bergabung bersama kami dalam aksi sukarela ini dan bersama-sama kita wujudkan perlindungan bagi keberlangsungan hidup penyu di lautan yang luas ini.","Pantai Biru, Banyuwangi, Jawa Timur",2024-08-20,2024-08-22,40,0,2024-06-27,https://res.cloudinary.com/dvrhf8d9t/image/upload/v1717727097/Volunteer_ikldw7.jpg,
33,2024-06-07 01:16:25.220,,,Taman Karang Kembali: Aksi Sukarela Tanam Terumbu Karang,11,"Program ""Taman Karang Kembali"" merupakan inisiatif sukarela yang mengajak para relawan untuk berpartisipasi dalam kegiatan tanam terumbu karang guna mendukung pemulihan ekosistem laut yang terancam. Para relawan akan terlibat dalam proses persiapan, penanaman, dan pemeliharaan terumbu karang di lokasi-lokasi yang telah ditentukan oleh ahli kelautan. Selama kegiatan, relawan akan diberikan pelatihan tentang teknik tanam terumbu karang yang benar serta pengetahuan tentang pentingnya konservasi terumbu karang untuk keberlangsungan kehidupan laut. Program ini juga akan memberikan kesempatan bagi relawan untuk memahami dampak perubahan iklim dan aktivitas manusia terhadap ekosistem karang. Melalui ""Taman Karang Kembali,"" kami berharap dapat meningkatkan kesadaran masyarakat akan pentingnya menjaga kelestarian terumbu karang dan melibatkan lebih banyak orang dalam upaya pemulihan ekosistem laut yang kritis. Mari bergabung bersama kami dalam aksi sukarela ini dan bersama-sama kita jaga keindahan dan keberagaman kehidupan laut untuk generasi mendatang.",Gili Ketapang,2024-08-25,2024-08-27,20,0,2024-06-27,https://res.cloudinary.com/dvrhf8d9t/image/upload/v1717727248/Blog_to_2012_-_Alistair_Dove_-_marine_biologist_and_science_communicator_zhb3gg.jpg,
34,2024-06-07 01:16:25.220,,,Panen Berkah: Aksi Sukarela Membantu Petani Lokal,12,"Program ""Panen Berkah"" mengajak para sukarelawan untuk bergabung dalam kegiatan panen untuk membantu petani lokal dalam memanen hasil pertanian mereka. Para relawan akan bekerja sama dengan petani dalam proses panen, mulai dari memetik buah atau sayuran, membersihkan hasil panen, hingga membantu dalam proses pembersihan area pertanian setelah panen selesai. Selama kegiatan, relawan akan berinteraksi langsung dengan petani, belajar tentang proses pertanian, dan memahami tantangan yang dihadapi oleh para petani dalam mengelola lahan pertanian mereka. Program ini juga memberikan kesempatan bagi relawan untuk berkontribusi langsung dalam mendukung ketahanan pangan lokal dan memperkuat hubungan antara komunitas petani dan masyarakat. Melalui ""Panen Berkah,"" kami berharap dapat menciptakan ikatan yang lebih kuat antara petani dan masyarakat serta memberikan dukungan nyata bagi pembangunan pertanian berkelanjutan di wilayah setempat. Mari bergabung dalam aksi sukarela ini dan bersama-sama kita wujudkan hasil panen yang berkah untuk semua!","Batu, Jawa Timur",2024-09-01,2024-09-03,50,0,2024-06-30,https://res.cloudinary.com/dvrhf8d9t/image/upload/v1717727309/Company_Volunteer_Day_at_Farming_4_Hunger_ipm4qs.jpg,
35,2024-06-07 01:16:25.220,,,Kasih Sayang Abadi: Aksi Sukarela di Panti Jompo,4,"Program ""Kasih Sayang Abadi"" mengundang para sukarelawan untuk terlibat dalam kegiatan sukarela di panti jompo dengan memberikan waktu, perhatian, dan keceriaan kepada para lansia yang tinggal di sana. Para relawan akan berinteraksi dengan para penghuni panti jompo melalui kegiatan seperti berbincang-bincang, membaca buku, menyanyikan lagu, atau bermain permainan sederhana. Selain itu, relawan juga dapat membantu dalam kegiatan sehari-hari seperti memberikan makanan, membantu dalam kegiatan fisioterapi ringan, atau mengatur acara hiburan atau kegiatan sosial lainnya. Melalui kegiatan ini, relawan akan memberikan tidak hanya bantuan fisik, tetapi juga memberikan rasa dukungan emosional dan kenyamanan kepada para lansia, sehingga mereka merasa dihargai dan diperhatikan oleh masyarakat. Program ""Kasih Sayang Abadi"" bertujuan untuk menciptakan lingkungan yang hangat dan menyenangkan di panti jompo, serta menginspirasi masyarakat untuk peduli dan menghargai para lansia di komunitas kita. Ayo bergabung dalam aksi sukarela ini dan bersama-sama kita ciptakan momen-momen berharga bagi para lansia, yang akan membawa kebahagiaan bagi mereka dan bagi kita semua.","Turen, Malang, Jawa Timur",2024-09-10,2024-09-13,50,0,2024-06-30,https://res.cloudinary.com/dvrhf8d9t/image/upload/v1717727377/Daftar-Panti-Jompo-di-Jakarta-750x563_vbnuak.webp,
36,2024-06-07 01:16:25.220,,,Cahaya Kasih: Aksi Sukarela Mencerahkan Hari di Panti Jompo,5,"Program ""Cahaya Kasih"" adalah inisiatif sukarela yang mengajak para relawan untuk memberikan keceriaan dan dukungan kepada para lansia di panti jompo. Para relawan akan terlibat dalam berbagai kegiatan yang bertujuan untuk mencerahkan hari para penghuni panti jompo, seperti menyelenggarakan acara hiburan, mengadakan sesi ceramah atau diskusi ringan, dan menyelenggarakan kegiatan seni atau kreatif. Selain itu, relawan juga akan memberikan bantuan dalam kegiatan sehari-hari seperti memberikan bantuan makanan, membantu dalam kegiatan olahraga ringan, atau sekadar memberikan pendampingan saat berjalan-jalan di sekitar panti jompo. Melalui ""Cahaya Kasih,"" kami berharap dapat memberikan kesempatan bagi para lansia untuk merasa dihargai, diperhatikan, dan tetap aktif secara sosial dalam lingkungan panti jompo. Program ini juga bertujuan untuk menginspirasi masyarakat untuk lebih peduli dan memperhatikan kebutuhan para lansia di komunitas kita. Ayo bergabung dalam aksi sukarela ini dan bersama-sama kita wujudkan hari-hari yang lebih cerah dan berarti bagi para lansia di panti jompo!","Jemursari, Surabaya, Jawa Timur",2024-09-15,2024-09-16,30,0,2024-07-01,https://res.cloudinary.com/dvrhf8d9t/image/upload/v1717727427/OIP_m6fayy.jpg,
38,2024-06-07 13:17:58.097,2024-06-10 13:06:44.366,2024-06-11 01:22:14.908,Test,1,test,test,2024-08-04,2024-08-17,250,0,2024-07-25,https://res.cloudinary.com/dvrhf8d9t/image/upload/v1718024803/oxbyimbshywai5dk0xeu.jpg,active
39,2024-06-11 02:29:56.257,2024-06-11 02:43:43.740,2024-06-11 07:17:33.424,bgbgbg,1,test,test,2024-08-03,2024-08-17,250,0,2024-07-25,https://res.cloudinary.com/dvrhf8d9t/image/upload/v1718073823/bhrmgh5smfys4hhwlewn.jpg,active
40,2024-06-11 02:30:07.255,2024-06-11 02:30:07.255,2024-06-11 07:13:11.583,Test2,1,Test,test,2024-08-03,2024-08-17,200,0,2024-07-20,https://res.cloudinary.com/dvrhf8d9t/image/upload/v1718073006/omrj0xjl1igiwwwgkcyj.jpg,active
41,2024-06-11 02:30:13.122,2024-06-11 02:30:13.122,2024-06-11 02:59:53.202,Test3,1,Test,test,2024-08-03,2024-08-17,200,0,2024-07-20,https://res.cloudinary.com/dvrhf8d9t/image/upload/v1718073012/qokm9nfxwviknhiqbr42.jpg,active
42,2024-06-11 03:00:42.824,2024-06-11 03:00:42.824,2024-06-11 07:10:45.399,Test,1,Test,test,2024-08-03,2024-08-17,200,0,2024-07-20,https://res.cloudinary.com/dvrhf8d9t/image/upload/v1718074841/votocqx20dfqmrshjowt.png,active
43,2024-06-11 03:16:14.437,2024-06-11 03:16:14.437,2024-06-11 07:07:42.155,Testttttt,1,Test,test,2024-08-03,2024-08-17,200,0,2024-07-20,https://res.cloudinary.com/dvrhf8d9t/image/upload/v1718075773/tato5w8bysbmentxpmgb.png,active
44,2024-06-11 07:18:58.597,2024-06-11 07:18:58.597,,Test1,1,Test,test,2024-08-03,2024-08-17,200,0,2024-07-20,https://res.cloudinary.com/dvrhf8d9t/image/upload/v1718090338/ni3ddvhubo7lgfwji7zt.jpg,active
45,2024-06-11 07:19:06.357,2024-06-12 08:51:41.586,,Testccc,1,test,test,2024-08-03,2024-08-17,250,0,2024-07-25,https://res.cloudinary.com/dvrhf8d9t/image/upload/v1718182301/yo3rsubpysgejlojdmcm.png,active
46,2024-06-11 07:19:11.264,2024-06-11 07:19:11.264,2024-06-11 07:19:59.841,Test3,1,Test,test,2024-08-03,2024-08-17,200,0,2024-07-20,https://res.cloudinary.com/dvrhf8d9t/image/upload/v1718090350/ynomqbz64r5gaex4hkxp.jpg,active
47,2024-06-11 07:19:15.999,2024-06-11 07:19:15.999,2024-06-11 07:19:48.330,Test4,1,Test,test,2024-08-03,2024-08-17,200,0,2024-07-20,https://res.cloudinary.com/dvrhf8d9t/image/upload/v1718090355/zainwkybcczhe5nwhmpa.jpg,active
48,2024-06-11 07:19:20.856,2024-06-11 07:19:20.856,2024-06-11 07:19:33.093,Test5,1,Test,test,2024-08-03,2024-08-17,200,0,2024-07-20,https://res.cloudinary.com/dvrhf8d9t/image/upload/v1718090360/u43takvx3cw5f6buce9m.jpg,active
49,2024-06-12 09:50:34.724,2024-06-12 09:50:34.724,,Test,1,Test,test,2024-08-03,2024-08-17,200,0,2024-07-20,https://res.cloudinary.com/dvrhf8d9t/image/upload/v1718185834/pinqev5jrmtqorgqrmlj.jpg,active
50,2024-06-12 09:59:45.913,2024-06-12 09:59:45.913,,Test,1,Test,,2024-08-03,2024-08-17,200,0,2024-07-20,https://res.cloudinary.com/dvrhf8d9t/image/upload/v1718186385/whib1mt0nrirbo5db2on.jpg,active
51,2024-06-12 10:02:49.943,2024-06-12 10:07:39.464,,Testccc,1,test,test,2024-08-03,2024-08-17,250,0,2024-07-20,https://res.cloudinary.com/dvrhf8d9t/image/upload/v1718186858/logf7nbgrussmopdwo2e.jpg,active
