id,created_at,deleted_at,amount,status,image_payment
16,2024-06-08 19:33:48.384,,1000000,sukses,https://res.cloudinary.com/dvrhf8d9t/image/upload/v1717792272/btf.25_cpb3xs.jpg
17,2024-06-08 19:33:48.384,,9999999,sukses,https://res.cloudinary.com/dvrhf8d9t/image/upload/v1717792275/btf.1_gg4hgf.jpg
18,2024-06-08 19:33:48.384,,400000,sukses,https://res.cloudinary.com/dvrhf8d9t/image/upload/v1717792273/btf.12_tw6pau.jpg
19,2024-06-08 19:33:48.384,,30000,sukses,https://res.cloudinary.com/dvrhf8d9t/image/upload/v1717792272/btf.19_n9t3to.jpg
20,2024-06-08 19:33:48.384,,2400000,sukses,https://res.cloudinary.com/dvrhf8d9t/image/upload/v1717792271/btf.30_brdprq.jpg
21,2024-06-08 19:33:48.384,,100000,sukses,https://res.cloudinary.com/dvrhf8d9t/image/upload/v1717792275/btf.3_yzed1k.jpg
22,2024-06-08 19:33:48.384,,100000,sukses,https://res.cloudinary.com/dvrhf8d9t/image/upload/v1717792275/btf.3_yzed1k.jpg
23,2024-06-08 19:33:48.384,,250000,sukses,https://res.cloudinary.com/dvrhf8d9t/image/upload/v1717792275/btf.4_z3vwxy.jpg
24,2024-06-08 19:33:48.384,,20000,sukses,https://res.cloudinary.com/dvrhf8d9t/image/upload/v1717792273/btf.16_faprnb.jpg
25,2024-06-08 19:33:48.384,,500000,sukses,https://res.cloudinary.com/dvrhf8d9t/image/upload/v1717792274/btf.7_rjmhgq.jpg
26,2024-06-08 19:33:48.384,,4000000,sukses,https://res.cloudinary.com/dvrhf8d9t/image/upload/v1717792273/btf.15_fu0uek.jpg
27,2024-06-08 19:33:48.384,,67000,sukses,https://res.cloudinary.com/dvrhf8d9t/image/upload/v1717792275/btf.37_b1iwia.jpg
28,2024-06-08 19:33:48.384,,600000,sukses,https://res.cloudinary.com/dvrhf8d9t/image/upload/v1717792274/btf.8_k2bzp0.jpg
29,2024-06-08 19:33:48.384,,2400000,sukses,https://res.cloudinary.com/dvrhf8d9t/image/upload/v1717792271/btf.30_brdprq.jpg
30,2024-06-08 19:33:48.384,,100000,sukses,https://res.cloudinary.com/dvrhf8d9t/image/upload/v1717792275/btf.3_yzed1k.jpg
31,2024-06-08 19:33:48.384,,150000,sukses,https://res.cloudinary.com/dvrhf8d9t/image/upload/v1717792272/btf.20_r9ulxq.jpg
32,2024-06-08 19:33:48.384,,500000,sukses,https://res.cloudinary.com/dvrhf8d9t/image/upload/v1717792274/btf.7_rjmhgq.jpg
33,2024-06-08 19:33:48.384,,15000000,sukses,https://res.cloudinary.com/dvrhf8d9t/image/upload/v1717792273/btf.14_bkpwce.jpg
34,2024-06-08 19:33:48.384,,550000,sukses,https://res.cloudinary.com/dvrhf8d9t/image/upload/v1717792271/btf.31_mltih7.jpg
35,2024-06-08 19:33:48.384,,20000,sukses,https://res.cloudinary.com/dvrhf8d9t/image/upload/v1717792273/btf.16_faprnb.jpg
36,2024-06-08 19:33:48.384,,67000,sukses,https://res.cloudinary.com/dvrhf8d9t/image/upload/v1717792275/btf.37_b1iwia.jpg
37,2024-06-08 19:33:48.384,,900000,sukses,https://res.cloudinary.com/dvrhf8d9t/image/upload/v1717792272/btf.25_cpb3xs.jpg
38,2024-06-08 19:33:48.384,,550000,sukses,https://res.cloudinary.com/dvrhf8d9t/image/upload/v1717792271/btf.31_mltih7.jpg
39,2024-06-08 19:33:48.384,,750000,sukses,https://res.cloudinary.com/dvrhf8d9t/image/upload/v1717792271/btf.28_w635v7.jpg
40,2024-06-08 19:33:48.384,,600000,sukses,https://res.cloudinary.com/dvrhf8d9t/image/upload/v1717792274/btf.8_k2bzp0.jpg
41,2024-06-08 19:33:48.384,,3500000,sukses,https://res.cloudinary.com/dvrhf8d9t/image/upload/v1717792272/btf.26_sw4sny.jpg
42,2024-06-08 19:33:48.384,,150000,sukses,https://res.cloudinary.com/dvrhf8d9t/image/upload/v1717792272/btf.20_r9ulxq.jpg
43,2024-06-08 19:33:48.384,,20000,sukses,https://res.cloudinary.com/dvrhf8d9t/image/upload/v1717792273/btf.16_faprnb.jpg
44,2024-06-08 19:33:48.384,,70000,sukses,https://res.cloudinary.com/dvrhf8d9t/image/upload/v1717792273/btf.13_wldfji.jpg
45,2024-06-08 19:33:48.384,,4000000,sukses,https://res.cloudinary.com/dvrhf8d9t/image/upload/v1717792273/btf.15_fu0uek.jpg
46,2024-06-08 19:33:48.384,,625000,sukses,https://res.cloudinary.com/dvrhf8d9t/image/upload/v1717792274/btf.6_aofcfr.jpg
47,2024-06-08 19:33:48.384,,2000000,sukses,https://res.cloudinary.com/dvrhf8d9t/image/upload/v1717792275/btf.1_gg4hgf.jpg
48,2024-06-08 19:33:48.384,,1600000,sukses,https://res.cloudinary.com/dvrhf8d9t/image/upload/v1717792271/btf.27_cq7hjr.jpg
49,2024-06-08 19:33:48.384,,700000,sukses,https://res.cloudinary.com/dvrhf8d9t/image/upload/v1717792272/btf.24_gxcnfn.jpg
50,2024-06-08 19:33:48.384,,790000,sukses,https://res.cloudinary.com/dvrhf8d9t/image/upload/v1717792272/btf.22_mnbrqd.jpg
51,2024-06-08 19:33:48.384,,625000,sukses,https://res.cloudinary.com/dvrhf8d9t/image/upload/v1717792274/btf.6_aofcfr.jpg
52,2024-06-08 19:33:48.384,,100000,sukses,https://res.cloudinary.com/dvrhf8d9t/image/upload/v1717792275/btf.3_yzed1k.jpg
53,2024-06-08 19:33:48.384,,2500000,sukses,"https://res.cloudinary.com/dvrhf8d9t/image/upload/e_improve,w_300,h_600,c_thumb,g_auto/v1717792274/btf.11_rvvtq4.jpg"
54,2024-06-08 19:33:48.384,,30000,sukses,https://res.cloudinary.com/dvrhf8d9t/image/upload/v1717792272/btf.19_n9t3to.jpg
55,2024-06-08 19:33:48.384,,600000,sukses,https://res.cloudinary.com/dvrhf8d9t/image/upload/v1717792274/btf.8_k2bzp0.jpg
56,2024-06-08 19:33:48.384,,70000,sukses,https://res.cloudinary.com/dvrhf8d9t/image/upload/v1717792273/btf.13_wldfji.jpg
57,2024-06-08 19:33:48.384,,250000,sukses,https://res.cloudinary.com/dvrhf8d9t/image/upload/v1717792275/btf.4_z3vwxy.jpg
58,2024-06-08 19:33:48.384,,400000,sukses,https://res.cloudinary.com/dvrhf8d9t/image/upload/v1717792273/btf.12_tw6pau.jpg
59,2024-06-08 19:33:48.384,,60000,sukses,https://res.cloudinary.com/dvrhf8d9t/image/upload/v1717792275/btf.5_zrchpi.jpg
60,2024-06-08 19:33:48.384,,2000000,sukses,https://res.cloudinary.com/dvrhf8d9t/image/upload/v1717792275/btf.1_gg4hgf.jpg
61,2024-06-08 19:33:48.384,,81000,sukses,https://res.cloudinary.com/dvrhf8d9t/image/upload/v1717792273/btf.17_z3mqoc.jpg
62,2024-06-08 19:33:48.384,,5000000,sukses,https://res.cloudinary.com/dvrhf8d9t/image/upload/v1717792275/btf.2_kgz9ea.jpg
63,2024-06-08 19:33:48.384,,300000,sukses,https://res.cloudinary.com/dvrhf8d9t/image/upload/v1717792274/btf.9_rspvxq.jpg
64,2024-06-08 19:33:48.384,,70000,sukses,https://res.cloudinary.com/dvrhf8d9t/image/upload/v1717792273/btf.13_wldfji.jpg
65,2024-06-08 19:33:48.384,,70000,sukses,https://res.cloudinary.com/dvrhf8d9t/image/upload/v1717792273/btf.13_wldfji.jpg
66,2024-06-08 19:33:48.384,,150000,sukses,https://res.cloudinary.com/dvrhf8d9t/image/upload/v1717792272/btf.20_r9ulxq.jpg
67,2024-06-08 19:33:48.384,,60000,sukses,https://res.cloudinary.com/dvrhf8d9t/image/upload/v1717792275/btf.5_zrchpi.jpg
68,2024-06-08 19:33:48.384,,8800000,sukses,https://res.cloudinary.com/dvrhf8d9t/image/upload/v1717792275/btf.34_boq5sk.jpg
69,2024-06-08 19:33:48.384,,60000,sukses,https://res.cloudinary.com/dvrhf8d9t/image/upload/v1717792275/btf.5_zrchpi.jpg
70,2024-06-08 19:33:48.384,,300000,sukses,https://res.cloudinary.com/dvrhf8d9t/image/upload/v1717792274/btf.9_rspvxq.jpg
71,2024-06-08 19:33:48.384,,90000,sukses,https://res.cloudinary.com/dvrhf8d9t/image/upload/v1717792272/btf.18_ltbrjp.jpg
72,2024-06-08 19:33:48.384,,67000,sukses,https://res.cloudinary.com/dvrhf8d9t/image/upload/v1717792275/btf.37_b1iwia.jpg
73,2024-06-08 19:33:48.384,,7000000,sukses,https://res.cloudinary.com/dvrhf8d9t/image/upload/v1717792276/btf.33_xsckmj.jpg
74,2024-06-08 19:33:48.384,,357000,sukses,https://res.cloudinary.com/dvrhf8d9t/image/upload/v1717792271/btf.29_tptpmh.jpg
75,2024-06-08 19:33:48.384,,2000000,sukses,https://res.cloudinary.com/dvrhf8d9t/image/upload/v1717792275/btf.1_gg4hgf.jpg
76,2024-06-08 19:33:48.384,,500000,sukses,https://res.cloudinary.com/dvrhf8d9t/image/upload/v1717792274/btf.7_rjmhgq.jpg
77,2024-06-08 19:33:48.384,,60000,sukses,https://res.cloudinary.com/dvrhf8d9t/image/upload/v1717792275/btf.5_zrchpi.jpg
78,2024-06-08 19:33:48.384,,67000,sukses,https://res.cloudinary.com/dvrhf8d9t/image/upload/v1717792275/btf.37_b1iwia.jpg
79,2024-06-08 19:33:48.384,,7000000,sukses,https://res.cloudinary.com/dvrhf8d9t/image/upload/v1717792276/btf.33_xsckmj.jpg
80,2024-06-08 19:33:48.384,,100000,sukses,https://res.cloudinary.com/dvrhf8d9t/image/upload/v1717792275/btf.3_yzed1k.jpg
81,2024-06-08 19:33:48.384,,67000,sukses,https://res.cloudinary.com/dvrhf8d9t/image/upload/v1717792275/btf.37_b1iwia.jpg
82,2024-06-08 19:33:48.384,,60000,sukses,https://res.cloudinary.com/dvrhf8d9t/image/upload/v1717792275/btf.5_zrchpi.jpg
83,2024-06-08 19:33:48.384,,13500000,sukses,https://res.cloudinary.com/dvrhf8d9t/image/upload/v1717792274/btf.10_t5prvw.jpg
84,2024-06-08 19:33:48.384,,600000,sukses,https://res.cloudinary.com/dvrhf8d9t/image/upload/v1717792274/btf.8_k2bzp0.jpg
85,2024-06-08 19:33:48.384,,70000,sukses,https://res.cloudinary.com/dvrhf8d9t/image/upload/v1717792273/btf.13_wldfji.jpg
86,2024-06-08 19:33:48.384,,15000,sukses,https://res.cloudinary.com/dvrhf8d9t/image/upload/v1717792275/btf.35_lrypgl.jpg
87,2024-06-08 19:33:48.384,,220000,sukses,https://res.cloudinary.com/dvrhf8d9t/image/upload/v1717792273/btf.16_faprnb.jpg
88,2024-06-08 19:33:48.384,,2500000,sukses,"https://res.cloudinary.com/dvrhf8d9t/image/upload/e_improve,w_300,h_600,c_thumb,g_auto/v1717792274/btf.11_rvvtq4.jpg"
89,2024-06-08 19:33:48.384,,70000,sukses,https://res.cloudinary.com/dvrhf8d9t/image/upload/v1717792273/btf.13_wldfji.jpg
90,2024-06-08 19:33:48.384,,950000,sukses,https://res.cloudinary.com/dvrhf8d9t/image/upload/v1717792272/btf.23_mtn8sm.jpg
91,2024-06-08 19:33:48.384,,2000000,sukses,https://res.cloudinary.com/dvrhf8d9t/image/upload/v1717792275/btf.1_gg4hgf.jpg
92,2024-06-08 19:33:48.384,,2000000,sukses,https://res.cloudinary.com/dvrhf8d9t/image/upload/v1717792275/btf.1_gg4hgf.jpg
93,2024-06-08 19:33:48.384,,30000,sukses,https://res.cloudinary.com/dvrhf8d9t/image/upload/v1717792272/btf.19_n9t3to.jpg
94,2024-06-08 19:33:48.384,,5000000,sukses,https://res.cloudinary.com/dvrhf8d9t/image/upload/v1717792275/btf.2_kgz9ea.jpg
95,2024-06-08 19:33:48.384,,81000,sukses,https://res.cloudinary.com/dvrhf8d9t/image/upload/v1717792273/btf.17_z3mqoc.jpg
96,2024-06-08 19:33:48.384,,90000,sukses,https://res.cloudinary.com/dvrhf8d9t/image/upload/v1717792272/btf.18_ltbrjp.jpg
97,2024-06-08 19:33:48.384,,750000,sukses,https://res.cloudinary.com/dvrhf8d9t/image/upload/v1717792271/btf.28_w635v7.jpg
98,2024-06-08 19:33:48.384,,150000,sukses,https://res.cloudinary.com/dvrhf8d9t/image/upload/v1717792272/btf.20_r9ulxq.jpg
99,2024-06-08 19:33:48.384,,15000,sukses,https://res.cloudinary.com/dvrhf8d9t/image/upload/v1717792275/btf.35_lrypgl.jpg
100,2024-06-08 19:33:48.384,,550000,sukses,https://res.cloudinary.com/dvrhf8d9t/image/upload/v1717792271/btf.31_mltih7.jpg
101,2024-06-08 19:33:48.384,,15000,sukses,https://res.cloudinary.com/dvrhf8d9t/image/upload/v1717792275/btf.35_lrypgl.jpg
102,2024-06-08 19:33:48.384,,67000,sukses,https://res.cloudinary.com/dvrhf8d9t/image/upload/v1717792275/btf.37_b1iwia.jpg
103,2024-06-09 21:19:11.324,,250000,pending,https://res.cloudinary.com/dvrhf8d9t/image/upload/v1717792275/btf.4_z3vwxy.jpg
104,2024-06-09 21:19:11.324,,900000,pending,https://res.cloudinary.com/dvrhf8d9t/image/upload/v1717792272/btf.25_cpb3xs.jpg
105,2024-06-09 21:19:11.324,,100000,pending,https://res.cloudinary.com/dvrhf8d9t/image/upload/v1717792275/btf.3_yzed1k.jpg
106,2024-06-09 21:19:11.324,,400000,pending,https://res.cloudinary.com/dvrhf8d9t/image/upload/v1717792273/btf.12_tw6pau.jpg
107,2024-06-09 21:19:11.324,,67000,pending,https://res.cloudinary.com/dvrhf8d9t/image/upload/v1717792275/btf.37_b1iwia.jpg
108,2024-06-09 21:19:11.324,,900000,pending,https://res.cloudinary.com/dvrhf8d9t/image/upload/v1717792272/btf.25_cpb3xs.jpg
109,2024-06-09 21:19:11.324,,20000,pending,https://res.cloudinary.com/dvrhf8d9t/image/upload/v1717792273/btf.16_faprnb.jpg
110,2024-06-09 21:19:11.324,,100000,pending,https://res.cloudinary.com/dvrhf8d9t/image/upload/v1717792275/btf.3_yzed1k.jpg
111,2024-06-09 21:19:11.324,,900000,pending,https://res.cloudinary.com/dvrhf8d9t/image/upload/v1717792272/btf.25_cpb3xs.jpg
112,2024-06-09 21:19:11.324,,400000,pending,https://res.cloudinary.com/dvrhf8d9t/image/upload/v1717792273/btf.12_tw6pau.jpg
113,2024-06-13 23:53:12.418,,500000,sukses,https://res.cloudinary.com/dvrhf8d9t/image/upload/v1718322791/lycmazey2qvqaoteb66u.jpg
114,2024-06-14 04:51:15.739,,500000,sukses,https://res.cloudinary.com/dvrhf8d9t/image/upload/v1717792272/btf.25_cpb3xs.jpg
115,2024-06-14 04:51:56.054,,500000,sukses,https://res.cloudinary.com/dvrhf8d9t/image/upload/v1717792272/btf.25_cpb3xs.jpg
116,2024-06-14 14:33:06.148,,0,pending,https://res.cloudinary.com/dvrhf8d9t/image/upload/v1718375585/ua8l5hjotdgwl3x978rc.jpg
117,2024-06-14 14:35:01.806,,0,pending,https://res.cloudinary.com/dvrhf8d9t/image/upload/v1718375701/lyoo3wej25rweqofy672.jpg
118,2024-06-14 14:37:07.904,,0,pending,https://res.cloudinary.com/dvrhf8d9t/image/upload/v1718375827/izh203trzfsgfxisioo3.jpg
119,2024-06-14 14:39:14.792,,0,pending,https://res.cloudinary.com/dvrhf8d9t/image/upload/v1718375954/bhxtyxznquaolqigw9wy.jpg
120,2024-06-14 14:41:04.979,,0,pending,https://res.cloudinary.com/dvrhf8d9t/image/upload/v1718376064/feelift8hucvfoqkp7ri.jpg
121,2024-06-14 15:14:24.871,,0,pending,https://res.cloudinary.com/dvrhf8d9t/image/upload/v1718378064/eibgubqnbmujkcvoz1rg.jpg
122,2024-06-14 15:15:08.873,,0,pending,https://res.cloudinary.com/dvrhf8d9t/image/upload/v1718378108/d6ohplaamm8qhjgiuwko.jpg
123,2024-06-14 15:16:01.064,,0,pending,https://res.cloudinary.com/dvrhf8d9t/image/upload/v1718378160/itonfvdvqeyb1asapdnr.jpg
124,2024-06-14 15:17:01.518,,0,pending,https://res.cloudinary.com/dvrhf8d9t/image/upload/v1718378221/gktje5zrkurlrtearuus.jpg
125,2024-06-14 15:18:19.187,,0,pending,https://res.cloudinary.com/dvrhf8d9t/image/upload/v1718378298/rfdzvzcfckuituc09smh.jpg
126,2024-06-14 15:18:43.580,,0,pending,https://res.cloudinary.com/dvrhf8d9t/image/upload/v1718378323/trfpselzbxlzatuw1adk.jpg
127,2024-06-14 18:41:12.593,,0,pending,https://res.cloudinary.com/dvrhf8d9t/image/upload/v1718390472/v9fojeqhrhic2kqwgrxz.jpg
128,2024-06-14 18:43:05.438,,0,pending,https://res.cloudinary.com/dvrhf8d9t/image/upload/v1718390585/p1dzooowy5zsnxeirvvz.jpg
129,2024-06-14 18:44:39.457,,0,pending,https://res.cloudinary.com/dvrhf8d9t/image/upload/v1718390679/yk3a4xxip6egaphru1va.jpg
130,2024-06-14 18:47:57.466,,0,pending,https://res.cloudinary.com/dvrhf8d9t/image/upload/v1718390876/fxq0npzk4ncgwefdhfwo.jpg
131,2024-06-14 19:07:27.731,,0,pending,https://res.cloudinary.com/dvrhf8d9t/image/upload/v1718392047/znyu9bw6o2yqx0mvi695.jpg
132,2024-06-14 19:12:41.256,,0,pending,https://res.cloudinary.com/dvrhf8d9t/image/upload/v1718392360/soacxuopbu6j4xz3t2cq.jpg
133,2024-06-14 19:14:32.521,,0,pending,https://res.cloudinary.com/dvrhf8d9t/image/upload/v1718392471/drovarvrctzc85xqclal.jpg
134,2024-06-14 19:30:19.477,,0,pending,https://res.cloudinary.com/dvrhf8d9t/image/upload/v1718393419/i1iyjjuadfvsy9gibitk.jpg
135,2024-06-14 19:38:41.399,,0,pending,https://res.cloudinary.com/dvrhf8d9t/image/upload/v1718393920/orhl6ui0ubqcoewcepus.jpg
136,2024-06-14 19:43:23.970,,0,pending,https://res.cloudinary.com/dvrhf8d9t/image/upload/v1718394203/flupypsjobp7cbh4erwp.jpg
137,2024-06-14 19:44:58.778,,0,pending,https://res.cloudinary.com/dvrhf8d9t/image/upload/v1718394298/cul1fmxltur6uriwhqso.jpg
138,2024-06-14 19:50:48.634,,0,pending,https://res.cloudinary.com/dvrhf8d9t/image/upload/v1718394648/fdsna9w8s1krckczywzu.jpg
139,2024-06-14 19:51:45.966,,0,pending,https://res.cloudinary.com/dvrhf8d9t/image/upload/v1718394705/adhiexsrvql8idhe3gfb.jpg
140,2024-06-14 20:08:06.960,,0,pending,https://res.cloudinary.com/dvrhf8d9t/image/upload/v1718395686/meustpsn6xizeogxggen.jpg
141,2024-06-14 22:45:21.386,,0,pending,https://res.cloudinary.com/dvrhf8d9t/image/upload/v1718405121/g2zl8ocat1xqetq5ba7r.jpg
142,2024-06-14 22:45:21.499,,0,pending,https://res.cloudinary.com/dvrhf8d9t/image/upload/v1718405120/swxtxgcbnebbw8aczuc0.jpg
143,2024-06-15 12:19:15.858,,0,pending,https://res.cloudinary.com/dvrhf8d9t/image/upload/v1718453955/e2ledxmwejj3bfxgbxdt.jpg
144,2024-06-15 16:48:21.162,,0,pending,https://res.cloudinary.com/dvrhf8d9t/image/upload/v1718470100/mt1abacz6otr7bqzupgg.jpg
145,2024-06-15 19:24:06.716,,0,pending,https://res.cloudinary.com/dvrhf8d9t/image/upload/v1718479446/v0o75zdthflmkqjk5ljv.jpg
146,2024-06-15 19:26:11.313,,0,pending,https://res.cloudinary.com/dvrhf8d9t/image/upload/v1718479570/yw4ggzbzomfpd2tatocv.jpg
147,2024-06-16 02:44:39.895,,0,pending,https://res.cloudinary.com/dvrhf8d9t/image/upload/v1718505879/xjo8qbzz6a1jpwjihnfb.jpg
148,2024-06-16 02:58:23.162,,0,pending,https://res.cloudinary.com/dvrhf8d9t/image/upload/v1718506702/ngy2bvq7jm1jhsslbgj6.jpg
149,2024-06-16 02:58:23.225,,0,pending,https://res.cloudinary.com/dvrhf8d9t/image/upload/v1718506702/od5hrxixruymtgewe9nm.jpg
150,2024-06-16 03:01:55.714,,0,pending,https://res.cloudinary.com/dvrhf8d9t/image/upload/v1718506915/xeh5pgc3xjcqomt58iqt.jpg
151,2024-06-16 03:05:31.068,,0,pending,https://res.cloudinary.com/dvrhf8d9t/image/upload/v1718507130/lvktuwjk0udeyb1xo1jc.jpg
152,2024-06-16 03:05:44.447,,0,pending,https://res.cloudinary.com/dvrhf8d9t/image/upload/v1718507144/osimhvsneqqdbzj1zqeq.jpg
153,2024-06-16 03:10:53.294,,0,pending,https://res.cloudinary.com/dvrhf8d9t/image/upload/v1718507452/jfopjvnkoagqyflj2xcx.jpg
154,2024-06-16 03:12:53.815,,0,pending,https://res.cloudinary.com/dvrhf8d9t/image/upload/v1718507573/dv7avxtx8ibzvrte58v2.jpg
155,2024-06-16 03:13:13.859,,0,pending,https://res.cloudinary.com/dvrhf8d9t/image/upload/v1718507593/jbnm9inqbgl5lievfv2x.jpg
156,2024-06-16 11:46:40.736,,0,pending,https://res.cloudinary.com/dvrhf8d9t/image/upload/v1718538400/fclyvctcuzftoo4kzkua.jpg
157,2024-06-16 13:39:14.391,,0,pending,https://res.cloudinary.com/dvrhf8d9t/image/upload/v1718545153/zt163qodlzgaiz04iq9v.jpg
158,2024-06-16 23:24:20.097,,0,pending,https://res.cloudinary.com/dvrhf8d9t/image/upload/v1718580259/uum9lkodcbajdbzitwsj.jpg
159,2024-06-16 23:24:20.118,,0,pending,https://res.cloudinary.com/dvrhf8d9t/image/upload/v1718580259/lna8ezi3ghxhouloy9pq.jpg
160,2024-06-16 23:24:43.384,,0,pending,https://res.cloudinary.com/dvrhf8d9t/image/upload/v1718580283/iqx4hbecznfwfodq9ed4.jpg
161,2024-06-16 23:24:44.081,,0,pending,https://res.cloudinary.com/dvrhf8d9t/image/upload/v1718580283/ncwswzn9fv9cljwhrons.jpg
162,2024-06-17 16:45:12.898,,0,pending,https://res.cloudinary.com/dvrhf8d9t/image/upload/v1718642712/extr595nr1tkbszhs7bk.jpg
163,2024-06-17 20:30:29.114,,0,pending,https://res.cloudinary.com/dvrhf8d9t/image/upload/v1718656228/bcgmigoqmtehms7mqwgx.jpg
164,2024-06-18 21:25:36.667,,0,pending,https://res.cloudinary.com/dvrhf8d9t/image/upload/v1718745936/xyekrelm58r22zx9w2ey.jpg
165,2024-06-19 03:53:54.482,,0,pending,https://res.cloudinary.com/dvrhf8d9t/image/upload/v1718769233/yqnrbdh9w7ckvdbaekcj.jpg
