id,created_at,updated_at,deleted_at,amount,status,image_payment
202,2024-06-24,2024-06-24,,0,pending,https://res.cloudinary.com/dvrhf8d9t/image/upload/v1719203210/h55sdadik7rvidlmhccz.png
203,2024-06-24,2024-06-24,,0,pending,https://res.cloudinary.com/dvrhf8d9t/image/upload/v1719205057/jt55rzc6kezezafterrw.jpg
204,2024-06-24,2024-06-24,,50000,sukses,https://res.cloudinary.com/dvrhf8d9t/image/upload/v1719205219/vljdltdubw4aebjb42zy.jpg
205,2024-06-24,2024-06-25,,50000,sukses,https://res.cloudinary.com/dvrhf8d9t/image/upload/v1719207110/doezzfieozvhgjp4tkp6.jpg
206,2024-06-24,2024-06-24,,0,pending,https://res.cloudinary.com/dvrhf8d9t/image/upload/v1719207370/m6myii9ypwzkdnqoqpqt.jpg
207,2024-06-24,2024-06-24,,0,pending,https://res.cloudinary.com/dvrhf8d9t/image/upload/v1719207449/rl56ioodmhmnjuxhyuhg.jpg
208,2024-06-24,2024-06-24,,0,pending,https://res.cloudinary.com/dvrhf8d9t/image/upload/v1719214521/zujn29gfl3einjgjnmlk.png
209,2024-06-24,2024-06-24,,0,pending,https://res.cloudinary.com/dvrhf8d9t/image/upload/v1719215394/cq1j6spi0my6owijpq2w.jpg
210,2024-06-24,2024-06-24,,0,pending,https://res.cloudinary.com/dvrhf8d9t/image/upload/v1719217676/eygztzrehkzx0yjqifsz.jpg
